id,danceability,energy,key,loudness,mode,speechiness,acousticness,instrumentalness,liveness,valence,tempo,duration_ms,time_signature
4kV4N9D1iKVxx1KLvtTpjS,0.726,0.554,5,-5.29,0,0.0917,0.0421,0.0,0.106,0.335,169.999,190440,4
6ocbgoVGwYJhOv1GgI9NsF,0.778,0.317,1,-10.732,0,0.334,0.592,0.0,0.0881,0.327,140.048,178627,4
4SPu0Ql902hTVXkBoNIYtq,0.737,0.461,6,-6.887,1,0.293,0.447,0.0,0.268,0.481,75.005,182000,4
1TEL6MlSSVLSdhOSddidlJ,0.647,0.309,7,-7.948,0,0.0366,0.78,7.41e-06,0.202,0.195,87.045,171573,4
7EQpvVujgytLVY8vKiDHAg,0.847,0.58,1,-5.316,1,0.0723,0.0276,0.0548,0.1,0.575,137.995,267107,4
2hloaUoRonYssMuqLCBLTX,0.758,0.665,2,-5.188,0,0.0774,0.0815,0.000157,0.216,0.643,151.976,216893,4
3e9HZxeyfWwjeyPAMmWSSQ,0.717,0.653,1,-5.634,1,0.0658,0.229,0.0,0.101,0.412,106.966,207320,4
3wFLWP0FcIqHK1wb1CPthQ,0.45,0.619,9,-7.412,1,0.372,0.329,0.0,0.319,0.427,83.3,208880,4
4lD7gHKF1e8Y9stQuVezZB,0.396,0.358,9,-8.294,1,0.0292,0.422,1.71e-05,0.19,0.111,103.807,271467,4
6MWtB6iiXyIwun0YzU6DFP,0.833,0.539,11,-7.399,0,0.178,0.163,2.1e-06,0.101,0.385,99.947,149520,4
2JvzF1RMd7lE3KmFlsyZD8,0.837,0.364,8,-11.713,1,0.276,0.149,0.0,0.271,0.463,123.984,213594,4
3KkXRkHbMCARz0aVfEt68P,0.76,0.479,2,-5.574,1,0.0466,0.556,0.0,0.0703,0.913,89.911,158040,4
39LmTF9RgyakzSYX8txrow,0.729,0.475,8,-4.985,1,0.0364,0.378,0.0,0.12,0.371,62.52,212267,3
4T652DlATVHe0jdLKaN3Bw,0.662,0.6,0,-6.402,1,0.0703,0.173,0.000137,0.109,0.331,134.979,222947,4
4NzMOnvSJVNKF7nw5NkXIP,0.905,0.389,8,-14.505,1,0.332,0.74,0.162,0.106,0.196,120.046,193143,4
27356GVuMPFWiJSZCragoM,0.671,0.714,7,-5.373,1,0.21,0.0844,1.48e-06,0.0568,0.477,105.137,140693,3
2IRZnDFmlqMuOrYOLnZZyc,0.889,0.496,4,-6.365,0,0.0905,0.259,0.0,0.252,0.544,86.003,180522,4
2t8yVaLvJ0RenpXUIAC52d,0.837,0.636,1,-7.643,1,0.086,0.0395,0.00125,0.342,0.274,145.972,288624,4
3oh6SCCeLuXhFpEyepla6G,0.906,0.382,10,-12.89,0,0.269,0.18,0.0,0.113,0.391,104.025,129264,4
0rTV5WefWd1J3OwIheTzxM,0.9,0.4,0,-8.443,1,0.124,0.0501,0.0,0.0876,0.338,136.001,197487,4
3Ol2xnObFdKV9pmRD2t9x8,0.791,0.587,3,-5.075,0,0.0413,0.407,0.0,0.148,0.536,96.057,179449,4
2xLMifQCjDGFmkHkpNLD9h,0.834,0.73,8,-3.714,1,0.222,0.00513,0.0,0.124,0.446,155.008,312820,4
78QR3Wp35dqAhFEc2qAGjE,0.897,0.662,1,-6.903,0,0.292,0.0852,0.0,0.534,0.389,112.511,145543,4
5p7ujcrUXASCNwRaWNHR1C,0.752,0.488,6,-7.05,1,0.0705,0.297,9.11e-06,0.0936,0.533,136.041,201661,4
2dpaYNEQHiRxtZbfNsse99,0.687,0.792,5,-2.749,1,0.0452,0.191,0.0,0.167,0.671,100.015,214290,4
0FZ4Dmg8jJJAPJnvBIzD9z,0.861,0.603,8,-5.788,0,0.176,0.0521,0.0,0.0924,0.504,98.043,228760,4
1xzBco0xcoJEDXktl7Jxrr,0.729,0.625,4,-5.266,1,0.0315,0.194,0.00986,0.248,0.261,146.034,183907,4
6Qs4SXO9dwPj5GKvVOv8Ki,0.741,0.52,8,-7.513,1,0.0656,0.45,1.97e-06,0.222,0.347,102.998,171030,4
1wJRveJZLSb1rjhnUHQiv6,0.581,0.662,9,-5.239,1,0.303,0.0153,0.0,0.111,0.434,93.023,189487,4
2G1tXoGBaEMJ7FKGnkf6ud,0.8,0.578,4,-5.144,0,0.0485,0.00381,0.0,0.367,0.367,143.01,203161,4
44ShclXTOOnYtt5CnCDeGV,0.708,0.691,2,-5.179,1,0.0442,0.342,0.0,0.222,0.535,79.99,240527,4
7eBqSVxrzQZtK2mmgRG6lC,0.759,0.73,0,-7.985,0,0.0516,0.145,3.06e-06,0.11,0.74,115.007,268434,4
0PG9fbaaHFHfre2gUVo7AN,0.747,0.57,1,-6.711,1,0.081,0.0642,0.0,0.0832,0.65,133.992,200890,4
63cd4JkwGgYJrbOizbfmsp,0.68,0.559,0,-5.545,1,0.129,0.172,0.0,0.318,0.137,202.006,194520,4
2MJdgSby3DtSS7bUJx2cly,0.936,0.559,7,-8.591,0,0.158,0.479,0.0,0.129,0.517,112.339,241440,4
7dbka99KTWke5o9hRp0JoB,0.761,0.479,2,-5.574,1,0.0466,0.552,0.0,0.0704,0.912,89.913,158040,4
2VxeLyX666F8uXCJ0dZF8B,0.572,0.385,7,-6.362,1,0.0308,0.371,0.0,0.231,0.323,95.799,215733,4
7pMRoGLEJuFM2wl5pt0R99,0.844,0.513,1,-8.769,1,0.335,0.178,0.0,0.0845,0.344,128.085,244941,4
4TWflhgevIGo448fWc6mQq,0.936,0.559,7,-8.587,0,0.157,0.479,0.0,0.128,0.527,112.347,241440,4
6ZRuF2n1CQxyxxAAWsKJOy,0.61,0.725,8,-5.131,1,0.15,0.367,0.0,0.154,0.291,146.163,201788,4
4y3OI86AEP6PQoDE6olYhO,0.842,0.734,1,-5.065,0,0.0588,0.0427,0.0,0.106,0.952,137.958,181040,4
4ZT9FnbFu1PaBfV3itxiqT,0.649,0.453,6,-7.28,1,0.085,0.627,0.0,0.116,0.431,99.183,181891,4
1WSGTYKLEpKfNQYYW5Oymt,0.541,0.468,10,-4.039,0,0.362,0.404,3.65e-06,0.358,0.69,95.266,158027,4
6vWEAOUSxohKxhp0K1BsxL,0.661,0.44,2,-9.104,1,0.0803,0.457,0.0,0.128,0.352,149.937,230400,4
7COXchtUOMd6uIT6HvmRaI,0.599,0.733,11,-7.058,1,0.203,0.176,0.0,0.242,0.534,102.211,162583,4
6Hj9jySrnFppAI0sEMCZpJ,0.685,0.692,2,-5.122,1,0.0457,0.328,0.0,0.153,0.578,159.966,240051,5
6MjNilJCVKJq0LfFvo5jWJ,0.623,0.608,1,-5.937,0,0.0434,0.426,0.0,0.105,0.263,84.98,208518,4
4txc3txsIt81diMzGhrVPS,0.853,0.351,7,-10.198,1,0.241,0.39,9.38e-06,0.752,0.282,118.028,221543,4
41MCdlvXOl62B7Kv86Bb1v,0.745,0.561,0,-4.869,1,0.0807,0.0758,0.0,0.133,0.449,77.557,248431,4
13ZyrkCDmRz5xY3seuAWYk,0.699,0.687,7,-3.997,0,0.106,0.308,3.63e-05,0.121,0.499,88.932,189977,4
6eiztdXRkooWsBt2xToMWI,0.465,0.84,0,-4.35,1,0.0722,0.125,0.0,0.138,0.672,83.981,142026,4
4mUIe9gfsdtsVP2zFIl74x,0.674,0.726,11,-3.813,0,0.141,0.126,1.56e-06,0.115,0.443,160.067,144090,4
53CJANUxooaqGOtdsBTh7O,0.908,0.517,1,-6.063,1,0.129,0.0361,1.73e-06,0.0949,0.471,136.019,113013,4
5icOoE6VgqFKohjWWNp0Ac,0.791,0.565,5,-3.933,0,0.0439,0.0623,0.0,0.156,0.181,99.961,156347,4
4dTiQezDWmEOWcdCbWVWMp,0.886,0.47,6,-7.756,0,0.458,0.00122,3.36e-05,0.121,0.184,156.997,114973,4
1DUSuNhF8P5vUGNPpQiZa5,0.645,0.568,5,-9.127,0,0.0823,0.543,0.266,0.257,0.391,84.999,166101,4
3KLo7ByvjCNyBrfz5DZ2mO,0.942,0.382,10,-8.099,1,0.564,0.00192,0.0,0.092,0.379,100.017,177864,4
5CE0V7z1ePOZQNJNpWxYGA,0.8,0.762,7,-4.097,0,0.203,0.381,0.0,0.0887,0.645,141.971,284080,4
1ThmUihH9dF8EV08ku5AXN,0.935,0.552,10,-9.373,0,0.335,0.111,0.0,0.0952,0.615,99.993,145627,4
2Fxmhks0bxGSBdJ92vM42m,0.701,0.425,7,-10.965,1,0.375,0.328,0.13,0.1,0.562,135.128,194088,4
3Fj47GNK2kUF0uaEDgXLaD,0.853,0.351,7,-10.198,1,0.241,0.39,9.38e-06,0.752,0.282,118.028,221543,4
4SSnFejRGlZikf02HLewEF,0.905,0.389,8,-14.505,1,0.332,0.74,0.162,0.106,0.196,120.046,193143,4
43zdsphuZLzwA9k4DJhU0I,0.367,0.111,4,-14.084,1,0.0972,0.978,3.97e-05,0.0897,0.198,82.642,196077,4
4QIo4oxwzzafcBWkKjDpXY,0.521,0.125,9,-17.832,1,0.239,0.751,0.00207,0.265,0.0528,111.554,243725,4
6IRdLKIyS4p7XNiP8r6rsx,0.726,0.444,8,-8.922,0,0.372,0.283,0.143,0.177,0.569,185.044,168840,4
3Tc57t9l2O8FwQZtQOvPXK,0.939,0.305,8,-10.952,0,0.354,0.35,0.000169,0.105,0.563,100.029,179889,4
3XF5xLJHOQQRbWya6hBp7d,0.678,0.533,4,-10.485,1,0.186,0.462,0.219,0.139,0.323,150.455,180953,4
6CcJMwBtXByIz4zQLzFkKc,0.421,0.131,0,-18.435,1,0.0382,0.952,0.00453,0.109,0.12,137.446,291796,4
7qEKqBCD2vE5vIBsrUitpD,0.855,0.423,5,-15.044,0,0.0585,0.724,0.469,0.0896,0.572,120.02,156371,4
0tMSssfxAL2oV8Vri0mFHE,0.319,0.0561,0,-23.023,1,0.045,0.935,0.00384,0.388,0.082,79.764,242652,3
6X29iaaazwho3ab7GNue5r,0.735,0.235,3,-13.239,1,0.315,0.698,0.00604,0.107,0.462,62.446,173202,4
3LgWsmilsrWXiPYQFRD0T7,0.153,0.138,6,-21.877,0,0.0503,0.837,0.55,0.254,0.0503,74.318,119410,3
6u7jPi22kF8CTQ3rb9DHE7,0.878,0.619,6,-5.56,1,0.102,0.0533,0.0,0.113,0.639,136.041,157067,4
6TqXcAFInzjp0bODyvrWEq,0.901,0.4,0,-8.575,1,0.126,0.051,0.0,0.0599,0.346,135.984,197573,4
09oZ9eXQ2fo6YDrPzJqAoP,0.729,0.545,0,-7.818,1,0.0316,0.0174,0.000274,0.369,0.514,103.012,177067,4
6zeeWid2sgw4lap2jV61PZ,0.596,0.552,0,-10.278,0,0.097,0.0765,0.334,0.104,0.112,97.949,229320,4
2XKFnwB6djxrJCjR3PdeRb,0.577,0.578,0,-9.146,0,0.0906,0.547,0.59,0.264,0.367,84.965,163973,4
6tsOcBnaKgzK22yEiqRh8P,0.892,0.507,0,-8.282,1,0.378,0.704,3.14e-05,0.109,0.695,143.96,158587,4
5kfNriitmkNE8mUbZ7gbq8,0.551,0.44,10,-8.559,1,0.0985,0.606,3.02e-05,0.11,0.341,167.923,210667,4
1E6DEDWDKHoOW0fcFuDghV,0.697,0.551,11,-8.833,1,0.0815,0.258,0.00551,0.124,0.219,89.0,165840,4
4pUCKHjJ4Ijewc37rRrvHn,0.738,0.861,2,-4.141,1,0.237,0.32,0.00175,0.325,0.58,131.974,189052,4
5KawlOMHjWeUjQtnuRs22c,0.645,0.862,11,-4.757,0,0.0965,0.0923,0.0,0.192,0.798,119.991,229773,4
3XiNC94b4Tq1xwv70sQJGN,0.729,0.603,6,-6.736,0,0.0666,0.0948,0.0,0.113,0.207,134.972,243976,4
6nDKrPlXdpomGBgAlO7UdP,0.802,0.645,5,-6.181,0,0.0715,0.272,0.0,0.119,0.376,100.001,157202,4
35RDmXJ59YYGNlv1KfTGsP,0.507,0.644,4,-7.485,1,0.0641,0.00413,0.0,0.217,0.172,179.913,211267,4
05t7JMip6JrLuSrMV5yYjX,0.556,0.481,11,-7.663,1,0.313,0.282,0.0,0.216,0.581,149.025,120137,4
2S1LebN6AXXQqJolBxlWgO,0.694,0.664,2,-4.649,1,0.05,0.639,0.0,0.0929,0.676,95.941,281500,4
1NJcg626wLln4pGHpiV7mf,0.351,0.296,4,-10.109,0,0.0333,0.934,0.0,0.095,0.12,115.284,200186,4
4Sib57MmYGJzSvkW84jTwh,0.614,0.839,0,-4.143,1,0.0702,0.0291,0.0,0.112,0.657,182.123,193040,4
4HFpIAtiojlAuYNmITpYGn,0.715,0.624,4,-3.046,0,0.114,0.11,0.0,0.123,0.412,158.087,173325,4
4NN6N5TxBO5k9uqu0W4gfQ,0.906,0.545,11,-4.977,0,0.344,0.181,0.0,0.091,0.543,139.932,186827,4
5AjINjwKyRvQJhSe2zpPHi,0.861,0.621,1,-7.106,1,0.362,0.121,0.0,0.0689,0.254,83.976,166640,4
0Lw6aQcBFWTQ9m4MSwwwes,0.722,0.764,10,-5.656,0,0.398,0.145,0.0,0.171,0.796,139.831,245413,4
6LsAAHotRLMOHfCsSfYCsz,0.692,0.809,2,-4.198,1,0.0602,0.524,0.0,0.147,0.864,123.911,190800,4
5qmq61DAAOUaW8AUo8xKhh,0.715,0.624,4,-3.046,0,0.114,0.11,0.0,0.123,0.412,158.087,173325,4
2gwkD6igEhQbDQegRCcdoB,0.876,0.662,2,-6.482,0,0.426,0.0608,0.0,0.127,0.844,75.445,163320,4
7njKgVl3AnLflRad38o7AG,0.844,0.644,11,-6.273,0,0.0479,0.0828,0.0,0.113,0.591,122.061,169038,4
3HVWdVOQ0ZA45FuZGSfvns,0.798,0.675,6,-5.041,1,0.0442,0.0912,0.0,0.0894,0.842,101.956,219947,4
2MuMD298IpYqKF367wegUd,0.694,0.759,10,-5.667,0,0.398,0.137,0.0,0.167,0.77,140.055,245387,4
5hVghJ4KaYES3BFUATCYn0,0.554,0.498,9,-8.866,1,0.0685,0.23,5.98e-06,0.795,0.413,79.635,190067,4
4f8Mh5wuWHOsfXtzjrJB3t,0.826,0.579,8,-8.241,0,0.0801,0.00881,0.0,0.129,0.431,121.075,212013,4
340UVheS8z3ncW9TTUhAbc,0.611,0.622,9,-5.075,0,0.0734,0.0188,0.0,0.359,0.538,146.11,231999,4
5QvBXUm5MglLJ3iBfTX2Wo,0.36,0.391,6,-10.6,1,0.0528,0.296,0.000406,0.129,0.162,84.281,177227,4
0fv2KH6hac06J86hBUTcSf,0.621,0.73,5,-5.414,0,0.107,0.0967,0.000131,0.673,0.464,139.566,195320,4
51RN0kzWd7xeR4th5HsEtW,0.467,0.672,10,-7.371,0,0.377,0.00559,0.243,0.607,0.0648,163.1,200693,4
1nXZnTALNXiPlvXotqHm66,0.417,0.689,2,-8.302,0,0.178,0.575,0.0,0.496,0.505,79.568,210253,4
6bOkaEXc5CopinGazSLokx,0.458,0.909,1,-6.553,1,0.487,0.0567,4.26e-06,0.11,0.449,118.227,205627,4
0wEC0GNF74lAqrEFZJMl1m,0.508,0.557,8,-8.967,0,0.0478,0.00235,0.0134,0.588,0.199,77.572,179013,4
4MsUsFfWseB9M2plGJyuIw,0.614,0.839,0,-4.143,1,0.0702,0.0291,0.0,0.112,0.657,182.123,193040,4
1hz7SRTGUNAtIQ46qiNv2p,0.518,0.492,10,-8.436,0,0.193,0.216,0.0012,0.146,0.471,78.848,375387,4
7DcvwMAiqKJQD1rrdfxSDx,0.796,0.586,4,-6.946,0,0.147,0.0247,0.0,0.132,0.179,97.981,200107,4
543bCW2ruMPmxUBWirQ3MR,0.746,0.787,4,-6.373,1,0.12,0.214,0.0,0.0669,0.607,95.005,206187,4
36TO60sxDduIsO3xH8IcUh,0.918,0.837,1,-6.792,1,0.255,0.234,0.0,0.227,0.855,120.017,236000,4
1kK6DwzyXJSp58u5HYWwuD,0.88,0.67,2,-5.177,1,0.0468,0.325,4.17e-06,0.0662,0.131,101.008,299227,4
4tNXntkAzQ5A2dfYRYGIIQ,0.505,0.428,5,-5.604,1,0.221,0.489,0.0,0.0977,0.618,175.813,157493,4
5PYQUBXc7NYeI1obMKSJK0,0.77,0.882,8,-4.792,1,0.0602,0.194,0.0,0.316,0.385,99.991,223523,4
2WyRfGeHo97VC5mP1BBSzr,0.681,0.865,1,-4.132,0,0.0594,0.00464,0.00169,0.149,0.528,91.017,219080,4
6dPyzkyZwoj9LqjQXOFdVv,0.888,0.525,1,-5.665,1,0.305,0.029,5.68e-06,0.137,0.243,133.983,143792,4
05CwHjIk71RXVU40boRMnR,0.591,0.702,7,-5.59,1,0.0289,0.225,0.0,0.414,0.501,104.003,217653,4
7rvyVWja33WG9R97oeJAjx,0.74,0.488,1,-7.664,0,0.27,0.234,0.0,0.241,0.584,149.042,120133,4
6uFn47ACjqYkc0jADwEdj1,0.772,0.639,1,-7.119,1,0.467,0.15,0.0,0.0698,0.261,168.112,166560,4
22vgEDb5hykfaTwLuskFGD,0.842,0.734,1,-5.065,0,0.0588,0.0427,0.0,0.106,0.952,137.958,181027,4
7FEwp8BavoEVE3AnxJDchc,0.698,0.454,1,-6.756,0,0.151,0.123,0.0,0.155,0.137,92.932,260640,4
0DiDStADDVh3SvAsoJAFMk,0.795,0.496,0,-5.883,1,0.0722,0.108,0.0,0.0645,0.874,94.01,183000,4
0vrmHPfoBadXVr2n0m1aqZ,0.592,0.873,9,-5.65,1,0.0275,0.0715,0.00982,0.142,0.516,122.011,277262,4
1xbtojAZsQjOgiGdGX6ChU,0.745,0.642,7,-6.257,0,0.287,0.0204,0.0,0.0658,0.226,179.974,131248,4
5ry2OE6R2zPQFDO85XkgRb,0.831,0.502,10,-4.045,0,0.046,0.101,0.0,0.122,0.101,100.541,205427,4
29fRTIKsJhLUJoldM89GZS,0.769,0.678,2,-5.604,1,0.0507,0.00838,0.0,0.0596,0.706,85.025,171387,4
3xaugmCyXrVkrDTXbFkMW3,0.552,0.65,1,-7.199,1,0.128,0.422,0.000275,0.372,0.316,167.788,180019,4
3kCwyvhvVTyehIzYN2I0nF,0.646,0.899,6,-2.232,1,0.298,0.0337,0.0,0.232,0.685,164.119,219507,4
0TK2YIli7K1leLovkQiNik,0.759,0.54,9,-6.039,0,0.0287,0.037,0.0,0.0945,0.75,116.947,190960,4
6fTt0CH2t0mdeB2N9XFG5r,0.703,0.594,5,-6.146,0,0.0752,0.342,0.0,0.123,0.475,153.848,114893,4
1kBbgxAUc4HQv7cgIayIDH,0.745,0.642,7,-6.257,0,0.287,0.0204,0.0,0.0658,0.226,179.974,131280,4
4ak7xjvBeBOcJGWFDX9w5n,0.706,0.679,9,-5.614,1,0.0324,0.139,6.98e-05,0.465,0.657,140.081,158707,4
4hPpVbbakQNv8YTHYaOJP4,0.659,0.623,4,-2.253,1,0.0451,0.0667,0.0,0.582,0.439,88.042,181824,4
07rmSXN6vNoquX1AsWd9pP,0.843,0.391,2,-7.899,1,0.0845,0.181,0.0,0.137,0.496,129.972,160615,4
6moU77g9RQyMzHNuKEaQKq,0.732,0.463,11,-6.972,0,0.0287,0.374,0.0,0.194,0.397,95.971,212607,4
7qiZfU4dY1lWllzX7mPBI3,0.825,0.652,1,-3.183,0,0.0802,0.581,0.0,0.0931,0.931,95.977,233713,4
4Km5HrUvYTaSUfiSGPJeQR,0.927,0.665,11,-5.313,1,0.244,0.061,0.0,0.123,0.175,127.076,343150,4
343YBumqHu19cGoGARUTsd,0.928,0.481,9,-9.35,0,0.287,0.105,0.0,0.176,0.613,134.007,210937,4
6PCUP3dWmTjcTtXY02oFdT,0.461,0.834,2,-4.868,1,0.0989,0.0232,1.14e-05,0.14,0.471,135.007,261154,4
5aAx2yezTd8zXrkmtKl66Z,0.681,0.594,7,-7.028,1,0.282,0.165,3.49e-06,0.134,0.535,186.054,230453,4
3NdDpSvN911VPGivFlV5d0,0.735,0.451,0,-8.374,1,0.0585,0.0631,1.3e-05,0.325,0.0862,117.973,245200,4
0SGkqnVQo9KPytSri1H6cF,0.78,0.574,1,-5.628,0,0.141,0.104,0.0,0.129,0.273,81.502,222360,4
6fujklziTHa8uoM5OQSfIo,0.794,0.632,0,-6.163,1,0.0649,0.142,0.0,0.128,0.355,145.926,291893,4
5GFDrUTLGJix84sNhjCG0g,0.945,0.394,10,-8.571,1,0.492,0.303,0.0,0.131,0.743,120.058,209747,4
7BKLCZ1jbUBVqRi2FVlTVw,0.748,0.524,8,-5.599,1,0.0338,0.414,0.0,0.111,0.661,95.01,244960,4
1PSBzsahR2AKwLJgx8ehBj,0.697,0.691,2,-4.757,1,0.146,0.214,0.0,0.185,0.305,137.853,239293,4
5GXAXm5YOmYT0kL5jHvYBt,0.773,0.819,0,-5.946,0,0.118,0.426,0.0,0.0679,0.585,92.99,269187,4
7yyRTcZmCiyzzJlNzGC9Ol,0.886,0.525,8,-7.39,1,0.131,0.236,0.0,0.057,0.708,145.99,225205,4
2EEeOnHehOozLq4aS0n6SL,0.746,0.653,7,-6.745,1,0.289,0.378,0.0,0.229,0.672,75.016,253107,4
5MFzQMkrl1FOOng9tq6R9r,0.783,0.623,7,-6.126,1,0.08,0.338,0.0,0.0975,0.447,100.048,214480,4
5uCax9HTNlzGybIStD3vDh,0.358,0.557,10,-7.398,1,0.059,0.695,0.0,0.0902,0.494,85.043,211467,4
6fwdbPMwP1zVStm8FybmkO,0.835,0.413,1,-9.81,1,0.396,0.373,0.00133,0.101,0.111,149.004,258880,4
6b8Be6ljOzmkOmFslEb23P,0.818,0.803,1,-4.282,1,0.0797,0.034,0.0,0.153,0.632,106.97,225983,4
6I6NX6tjGsxFAsIfGzY9lJ,0.657,0.421,9,-11.378,1,0.412,0.352,0.000218,0.187,0.181,174.063,264747,4
4gmmRb6bZJffOOiww1JGTO,0.906,0.444,4,-8.692,0,0.384,0.136,6.44e-05,0.173,0.678,140.063,235040,4
5uDASfU19gDxSjW8cnCaBp,0.886,0.427,6,-10.028,1,0.145,0.0312,0.00099,0.0906,0.23,108.034,177184,4
4F7A0DXBrmUAkp32uenhZt,0.572,0.631,1,-8.389,1,0.104,0.188,2.31e-05,0.259,0.219,77.519,249213,4
1xznGGDReH1oQq0xzbwXa3,0.791,0.619,1,-5.886,1,0.0532,0.00784,0.00423,0.351,0.371,103.989,173987,4
4ckuS4Nj4FZ7i3Def3Br8W,0.806,0.558,8,-6.538,1,0.172,0.00496,1.45e-06,0.16,0.26,85.011,251333,4
5hYTyyh2odQKphUbMqc5gN,0.314,0.555,9,-9.601,1,0.37,0.157,0.000108,0.067,0.159,179.666,175517,4
4pLwZjInHj3SimIyN9SnOz,0.648,0.738,6,-5.883,0,0.247,0.0408,0.0,0.292,0.603,159.145,226160,4
04DwTuZ2VBdJCCC5TROn7L,0.49,0.485,4,-6.237,0,0.0406,0.0592,0.0,0.337,0.196,133.889,195840,4
2ANLarE8yHVsLWW21nj79M,0.843,0.359,0,-7.417,1,0.461,0.069,0.0,0.12,0.156,81.987,163944,4
4pdPtRcBmOSQDlJ3Fk945m,0.476,0.718,8,-5.309,1,0.0576,0.0784,1.02e-05,0.122,0.142,199.864,205947,4
78rIJddV4X0HkNAInEcYde,0.67,0.838,0,-4.031,1,0.0362,0.0604,0.000611,0.159,0.717,104.998,222041,4
72jbDTw1piOOj770jWNeaG,0.653,0.658,2,-6.428,1,0.0304,0.0215,1.66e-06,0.0939,0.219,99.99,221507,4
1CnPYaKxTVb4LWOtiGOm0m,0.617,0.567,0,-4.188,1,0.0828,0.0584,0.0,0.0933,0.505,90.246,217603,4
4TZy1wLyHec06pwgFYDh1a,0.469,0.68,11,-4.921,0,0.117,0.137,0.0,0.11,0.374,147.734,208733,4
7KOlJ92bu51cltsD9KU5I7,0.865,0.687,10,-3.744,0,0.217,0.242,0.0,0.158,0.486,139.023,242407,4
3kxfsdsCpFgN412fpnW85Y,0.745,0.356,1,-10.425,1,0.0941,0.172,0.00943,0.123,0.607,160.033,326933,4
3E2Zh20GDCR9B1EYjfXWyv,0.673,0.637,5,-4.518,1,0.0429,0.137,0.0,0.184,0.678,123.98,201160,4
204U3zjm9kkzX25Pr4Rdld,0.745,0.685,4,-5.7,0,0.0313,0.53,0.0,0.176,0.437,121.977,363934,4
1sXUWdKx03aP9Gmzft58rt,0.683,0.427,8,-6.827,1,0.0777,0.368,0.0,0.0604,0.426,113.634,176347,4
0fg8CqpjdojMyXLNzM2PaJ,0.803,0.743,1,-3.602,0,0.0681,0.105,2.12e-06,0.099,0.674,108.005,203180,4
3ebXMykcMXOcLeJ9xZ17XH,0.584,0.54,1,-7.786,0,0.0576,0.0895,0.0,0.261,0.195,137.972,220883,4
0jOfl1nZf6sVBTG08Q4brn,0.852,0.727,1,-4.851,1,0.267,0.0962,0.0,0.154,0.496,130.014,232705,4
6p8NuHm8uCGnn2Dtbtf7zE,0.92,0.674,1,-5.662,0,0.264,0.307,0.0,0.104,0.741,141.967,304041,4
1MksGqIztTT6M9R1ErKVs8,0.482,0.781,11,-5.334,1,0.412,0.629,2.87e-06,0.413,0.336,57.967,325840,5
0Fv5N0cHBsl4bzCbollCAS,0.812,0.522,2,-5.287,1,0.257,0.0433,0.0,0.154,0.38,75.524,142907,4
3a1lNhkSLSkpJE4MSHpDu9,0.63,0.804,6,-4.183,1,0.0363,0.215,0.0,0.253,0.492,123.146,220293,4
4atJ40xfasjdM9ZF3p07BV,0.525,0.804,8,-6.453,1,0.25,0.329,0.0,0.228,0.143,125.068,230960,4
1r0faljjM2b876iNoaDUh5,0.779,0.56,10,-7.564,0,0.253,0.258,0.0,0.241,0.421,142.032,287320,4
1jQsKN68yE94tMYml0wHMd,0.747,0.704,1,-6.743,1,0.0986,0.136,0.0,0.131,0.494,136.936,213693,4
6520aj0B4FSKGVuKNsOCOi,0.448,0.801,0,-5.363,1,0.165,0.0733,0.0,0.146,0.462,189.798,237734,4
0KKkJNfGyhkQ5aFogxQAPU,0.853,0.56,1,-4.961,1,0.0406,0.013,0.0,0.0944,0.86,134.066,206693,4
0v9Wz8o0BT8DU38R4ddjeH,0.652,0.795,11,-5.192,0,0.174,0.156,0.0,0.123,0.788,135.018,304607,4
7mldq42yDuxiUNn08nvzHO,0.732,0.458,5,-7.225,1,0.0311,0.447,0.0,0.136,0.661,98.938,165387,4
6mapJIPnQ23RTAevUoE0DL,0.681,0.314,8,-9.319,1,0.0581,0.2,9.82e-06,0.1,0.166,139.992,208120,4
3eR23VReFzcdmS7TYCrhCe,0.64,0.533,0,-6.596,1,0.0706,0.119,0.0,0.0864,0.515,99.968,220781,4
3rOSwuTsUlJp0Pu0MkN8r8,0.833,0.434,2,-8.795,1,0.431,0.0102,0.0219,0.165,0.281,150.062,204600,4
4Zxdw0Hno7YDu0IzvY76Qo,0.694,0.493,1,-8.581,1,0.373,0.0331,2.04e-06,0.431,0.313,166.457,265366,4
4Q3N4Ct4zCuIHuZ65E3BD4,0.497,0.489,11,-7.724,0,0.294,0.0576,9.91e-05,0.122,0.231,171.853,268187,4
0CcQNd8CINkwQfe1RDtGV6,0.779,0.787,10,-4.305,0,0.108,0.0524,0.0,0.14,0.708,124.982,204347,4
67dyMPOUsbZ9Yg06PnfAAh,0.804,0.456,8,-7.44,1,0.0468,0.000668,0.0,0.31,0.165,130.014,225135,4
6RUKPb4LETWmmr3iAEQktW,0.617,0.635,11,-6.769,0,0.0317,0.0498,1.44e-05,0.164,0.446,103.019,247160,4
7tr2za8SQg2CI8EDgrdtNl,0.736,0.795,1,-3.299,0,0.0545,0.498,1.21e-06,0.254,0.511,104.066,230813,4
0dA2Mk56wEzDgegdC6R17g,0.679,0.634,5,-5.024,0,0.0654,0.232,0.0,0.115,0.498,102.013,210091,4
3mRcWCyteY2133a7xVMrYw,0.628,0.481,1,-7.775,1,0.475,0.29,0.0,0.118,0.33,108.761,254370,5
5NNlUMcOEOdoOIwwaWXv0k,0.703,0.715,9,-6.285,0,0.114,0.139,0.0,0.0456,0.497,99.924,234308,4
2Ce5IyMlVRVvN997ZJjJJA,0.415,0.369,8,-10.044,1,0.0741,0.0303,7.64e-06,0.383,0.0913,95.746,251423,4
0afhq8XCExXpqazXczTSve,0.624,0.876,9,-3.374,1,0.1,0.0735,0.0,0.327,0.781,99.943,170827,4
0tgVpDi06FyKpA1z0VMD4v,0.599,0.448,8,-6.312,1,0.0232,0.163,0.0,0.106,0.168,95.05,263400,3
51ChrwmUPDJvedPQnIU8Ls,0.761,0.386,4,-6.158,1,0.0399,0.355,0.0,0.0953,0.526,134.943,238440,3
2RttW7RAu5nOAfq6YFvApB,0.522,0.385,0,-7.355,1,0.0288,0.536,0.0,0.135,0.236,89.792,207520,4
0gbBzIqrECJOEPvQJIBFs5,0.616,0.714,9,-7.792,1,0.0982,0.0162,1.23e-05,0.0817,0.24,128.924,234653,4
5HDPtsnyb3maFmPL8LLUTG,0.78,0.745,7,-3.97,1,0.145,0.0559,0.0,0.0595,0.862,94.026,189280,4
2pJZ1v8HezrAoZ0Fhzby92,0.838,0.492,1,-5.69,0,0.038,0.251,0.0,0.262,0.895,115.092,237333,4
2dfHh7ECGxfNqZTQno09Vk,0.604,0.366,7,-7.881,1,0.0267,0.719,0.0,0.162,0.181,105.177,248413,3
7oolFzHipTMg2nL7shhdz2,0.64,0.812,8,-5.647,0,0.0834,0.086,0.0,0.0509,0.914,86.013,227427,4
152lZdxL1OR0ZMW6KquMif,0.736,0.449,1,-11.462,0,0.425,0.33,0.000162,0.0898,0.326,80.126,219080,4
7KcGEssn7BnJdTgildK5y0,0.867,0.558,1,-6.975,1,0.258,0.0884,4.05e-06,0.541,0.432,139.061,272453,4
7hDc8b7IXETo14hHIHdnhd,0.809,0.463,11,-11.377,1,0.0396,0.256,0.085,0.109,0.364,111.98,298941,4
2bjwRfXMk4uRgOD9IBYl9h,0.925,0.443,1,-8.216,1,0.264,0.0172,0.0,0.276,0.35,136.078,236615,4
05KOgYg8PGeJyyWBPi5ja8,0.736,0.491,10,-6.892,0,0.439,0.0681,0.0,0.571,0.203,141.979,218674,4
6UjfByV1lDLW0SOVQA4NAi,0.877,0.391,1,-8.196,1,0.063,0.0317,0.000502,0.0945,0.122,131.018,189230,4
2XlHu0HcujBCkWMdIAvrqt,0.726,0.535,7,-7.804,0,0.0476,0.0533,1.38e-05,0.0984,0.375,98.067,216558,4
6CfrYuD3YRDYdYvH9jNtXY,0.913,0.608,10,-6.839,0,0.234,0.0671,0.0,0.533,0.578,97.063,149569,4
0xl1w2q4VLojeXp4JfazPL,0.903,0.439,8,-11.813,1,0.397,0.0407,0.0,0.138,0.532,139.112,307593,4
7y6c07pgjZvtHI9kuMVqk1,0.781,0.721,5,-9.133,0,0.0514,0.0945,0.391,0.104,0.849,123.011,250337,4
6n3HGiq4v35D6eFOSwqYuo,0.766,0.283,8,-10.33,0,0.0846,0.111,0.0172,0.115,0.144,97.04,219692,4
13e6f8t7RKXuxZ0JdaaJRG,0.735,0.373,11,-10.478,1,0.104,0.762,0.00202,0.288,0.237,123.081,107673,4
2jTujnt0y344ai1rNOywgr,0.875,0.6,1,-6.818,1,0.0435,0.0189,0.0143,0.132,0.0906,119.987,162638,4
2fkeWbM6iqTw7oGHTYm2lw,0.61,0.229,11,-12.36,0,0.0333,0.558,0.0413,0.113,0.19,111.887,186293,4
76gUmNLXGQVOsGhfcshkFP,0.839,0.521,7,-10.45,1,0.166,0.245,0.00545,0.607,0.33,105.992,205163,4
28irpKCCK9nn9DZSik2zEx,0.688,0.384,9,-8.824,0,0.375,0.2,0.0,0.708,0.432,162.097,206120,4
6MbH1QiphMCPTqVEVC7UYi,0.766,0.234,11,-7.544,0,0.159,0.332,0.00156,0.358,0.256,96.882,153725,4
5f5r2N4Lp9WoULWPH9zp2W,0.856,0.572,1,-8.429,1,0.373,0.0136,1.55e-06,0.121,0.454,82.445,228438,4
2KvHC9z14GSl4YpkNMX384,0.618,0.693,7,-5.943,0,0.45,0.246,0.0,0.112,0.454,170.982,283551,4
1zayuwd1YLZsYDArkruHdL,0.672,0.434,9,-15.218,0,0.765,0.501,0.000125,0.272,0.54,129.209,288555,4
2eMwDehkIC1j68U6FA3Eiq,0.732,0.75,11,-6.366,0,0.231,0.00264,0.0,0.109,0.401,155.096,182707,4
7KXjTSCq5nL1LoYtL7XAwS,0.908,0.621,1,-6.638,0,0.102,0.000282,5.39e-05,0.0958,0.421,150.011,177000,4
4ARPvK8DHLwt4oX65ZAFMw,0.763,0.726,1,-6.405,1,0.282,0.259,0.0,0.0976,0.349,139.059,126346,4
7cGFbx7MP0H23iHZTZpqMM,0.885,0.94,1,-5.908,1,0.0909,0.158,0.0,0.0675,0.77,110.005,162347,4
5Ohxk2dO5COHF1krpoPigN,0.516,0.595,5,-4.63,1,0.0313,0.0275,0.0,0.109,0.222,119.972,340707,4
0wfbD5rAksdXUzRvMfM3x5,0.76,0.303,2,-11.362,1,0.0284,0.238,8.09e-06,0.294,0.15,99.991,177573,4
0Nhu3zSYbEz32IYiobV75e,0.663,0.575,6,-4.907,0,0.0458,0.1,3.16e-06,0.133,0.458,110.04,214802,4
6gBFPUFcJLzWGx4lenP6h2,0.841,0.728,7,-3.37,1,0.0484,0.0847,0.0,0.149,0.43,130.049,243837,4
6HZILIRieu8S0iqY8kIKhj,0.638,0.523,1,-6.664,1,0.357,0.00454,0.0,0.0842,0.422,139.913,185947,4
1EaKU4dMbesXXd3BrLCtYG,0.748,0.705,4,-4.547,0,0.485,0.204,0.0,0.246,0.483,189.891,208733,4
6SwRhMLwNqEi6alNPVG00n,0.658,0.535,9,-8.983,0,0.0573,0.0265,0.0,0.2,0.419,110.684,227360,4
6PGoSes0D9eUDeeAafB2As,0.8,0.585,10,-7.343,1,0.0924,0.264,0.0,0.153,0.779,126.058,213400,4
4BHSjbYylfOH5WAGusDyni,0.67,0.7,1,-7.893,1,0.196,0.576,5.34e-06,0.226,0.648,69.986,160293,4
4iYRa2btalAzPZoSYfROqF,0.568,0.619,1,-6.899,1,0.414,0.138,1.67e-06,0.11,0.293,170.115,254200,4
2LTlO3NuNVN70lp2ZbVswF,0.746,0.798,0,-8.382,1,0.349,0.137,0.0,0.139,0.553,109.968,214827,4
6IZvVAP7VPPnsGX6bvgkqg,0.665,0.535,4,-7.056,0,0.0572,0.0786,1.68e-05,0.154,0.37,138.842,275253,4
06FCvd7rrRcF3DdvWH5Isp,0.678,0.562,3,-9.197,0,0.508,0.193,0.0,0.104,0.566,94.241,307880,4
1n4jwRVXdkK2U34nBDUKKT,0.357,0.238,8,-16.78,0,0.265,0.142,0.0859,0.55,0.494,156.907,118067,4
23luOrEVHMfoX0AhfbQuS6,0.588,0.479,1,-7.039,1,0.281,0.604,7.2e-06,0.527,0.434,150.414,460573,4
5p3NP9mQblDsVJLdfNZJ3I,0.706,0.557,0,-5.8,1,0.0813,0.0347,0.0,0.276,0.205,132.98,248827,4
0y9uTzK9cNKSAEHnpeRG8C,0.552,0.731,7,-6.873,1,0.615,0.0536,0.0,0.258,0.632,174.516,248613,4
5CtI0qwDJkDQGwXD1H1cLb,0.694,0.815,2,-4.328,1,0.12,0.229,0.0,0.0924,0.813,88.931,228827,4
3DXncPQOG4VBw3QHh3S817,0.609,0.668,7,-4.284,1,0.0367,0.0552,0.0,0.167,0.811,80.924,288600,4
1F2HXIJrE2Xn81OzT2zZvW,0.726,0.769,6,-5.043,1,0.123,0.0293,0.0101,0.104,0.733,97.985,233833,4
5tz69p7tJuGPeMGwNTxYuV,0.62,0.574,5,-7.788,0,0.0479,0.57,0.0,0.19,0.352,100.021,250173,4
6Q2FftbUG530lCtBI74bMH,0.839,0.81,5,-5.274,0,0.0568,0.501,0.0,0.117,0.814,129.014,209269,4
3Q3myFA7q4Op95DOpHplaY,0.745,0.593,8,-6.35,1,0.0526,0.00522,5.25e-06,0.123,0.17,111.002,212027,3
2habSXqcJGExM6JJyskY7O,0.565,0.782,8,-6.413,1,0.0506,0.0577,4.16e-05,0.0757,0.4,140.004,231906,4
0lMbuWUpfTWhEmOKxppEau,0.753,0.76,6,-4.518,0,0.0859,0.446,3.13e-05,0.182,0.657,91.953,272653,4
4iLqG9SeJSnt0cSPICSjxv,0.774,0.626,3,-4.432,0,0.0432,0.0969,3.12e-05,0.0848,0.777,100.041,211475,4
1sCxVKWImDZSZKvG0U9B23,0.953,0.41,1,-6.543,1,0.0705,0.175,0.0,0.0768,0.718,121.074,214648,4
0tKcYR2II1VCQWT79i5NrW,0.6,0.81,0,-4.749,1,0.0479,0.00683,0.21,0.155,0.298,167.88,187147,4
79cuOz3SPQTuFrp8WgftAu,0.857,0.8,2,-4.035,1,0.0583,0.381,0.0,0.0913,0.966,121.996,199440,4
6vBdBCoOhKHiYDDOcorfNo,0.58,0.653,5,-3.818,1,0.0745,0.447,0.0,0.111,0.175,150.231,174960,4
4evmHXcjt3bTUHD1cvny97,0.64,0.648,5,-8.113,0,0.187,0.124,0.0,0.0802,0.548,92.977,197867,4
6MF4tRr5lU8qok8IKaFOBE,0.691,0.64,0,-6.441,1,0.369,0.511,0.0,0.409,0.163,138.672,202040,4
51Fjme0JiitpyXKuyQiCDo,0.843,0.391,2,-7.899,1,0.0845,0.181,0.0,0.137,0.496,129.972,160627,4
36J0iaPDGbYGsHvYpaYs3k,0.761,0.586,0,-5.368,1,0.359,0.0392,0.0,0.0558,0.719,149.804,169147,4
6XHVuErjQ4XNm6nDPVCxVX,0.698,0.454,1,-6.756,0,0.151,0.123,0.0,0.155,0.137,92.932,260640,4
70eFcWOvlMObDhURTqT4Fv,0.64,0.648,5,-8.113,0,0.187,0.124,0.0,0.0802,0.548,92.977,197867,4
1DhRbox3xkceP64k3JeYfW,0.715,0.823,5,-5.313,0,0.0495,0.133,0.0,0.361,0.91,151.956,161747,4
0hVXuCcriWRGvwMV1r5Yn9,0.798,0.675,6,-5.041,1,0.0442,0.0912,0.0,0.0894,0.842,101.956,219947,4
3yNZ5r3LKfdmjoS3gkhUCT,0.67,0.453,0,-11.265,1,0.295,0.252,0.33,0.117,0.68,135.055,194840,4
4vUmTMuQqjdnvlZmAH61Qk,0.857,0.621,9,-6.376,0,0.0824,0.148,0.0,0.0865,0.668,97.986,204467,4
0AtP8EkGPn6SwxKDaUuXec,0.852,0.666,11,-6.923,0,0.184,0.135,0.0,0.798,0.726,91.046,207760,4
4wuCQX7JvAZLlrcmH4AeZF,0.746,0.787,4,-6.373,1,0.12,0.214,0.0,0.0669,0.607,95.005,206187,4
6jmZlyf9DxcIoRrjw02YXm,0.891,0.503,6,-5.777,1,0.226,0.0576,0.0,0.0763,0.674,136.009,171293,4
6b2RcmUt1g9N9mQ3CbjX2Y,0.477,0.682,1,-4.931,0,0.0925,0.153,0.0,0.0763,0.345,110.567,202205,5
2nKYHpmwjLaEOXS3o7QMiz,0.97,0.463,10,-7.259,1,0.366,0.0957,0.0,0.151,0.46,108.003,142417,4
67XyC1GdSkKb9sbRRkUDXS,0.894,0.511,2,-4.768,1,0.42,0.0251,0.0,0.14,0.568,120.08,176632,4
6v3KW9xbzN5yKLt9YKDYA2,0.759,0.548,9,-6.049,0,0.029,0.0392,0.0,0.0828,0.749,116.967,190800,4
00ko9WaS4jOX1kEk3gvHjf,0.899,0.509,9,-8.04,1,0.387,0.00157,0.0,0.0573,0.599,150.001,225924,4
2YpeDb67231RjR0MgVLzsG,0.878,0.619,6,-5.56,1,0.102,0.0533,0.0,0.113,0.639,136.041,157067,4
6wo37KVqFJhtuxPTpLCcfe,0.294,0.505,3,-8.106,1,0.042,0.12,0.0,0.0977,0.357,85.332,209893,1
4aPB8rSxGFISs0o6V2LrTy,0.581,0.642,1,-5.318,1,0.407,0.0519,0.0,0.183,0.536,80.142,345160,4
3Y7MHz19qCg1Pkxridtu1k,0.292,0.574,0,-9.375,1,0.0401,0.12,0.00569,0.0663,0.166,124.344,211280,4
7qEHsqek33rTcFNT9PFqLf,0.501,0.405,1,-5.679,1,0.0319,0.751,0.0,0.105,0.446,109.891,182161,4
67xBtV07CC73eFw7z5oCvU,0.606,0.655,6,-6.328,1,0.402,0.139,0.0,0.103,0.696,159.824,236686,4
0Ryd8975WihbObpp5cPW1t,0.4,0.795,10,-3.731,0,0.461,0.119,0.0,0.159,0.702,190.097,186107,4
2ksOAxtIxY8yElEWw8RhgK,0.786,0.808,7,-3.702,1,0.0882,0.0846,0.000289,0.0822,0.609,105.027,301714,4
6uAm7pG66O1XesXS9bpHSF,0.684,0.905,0,-3.187,0,0.0765,0.285,0.0,0.525,0.492,95.985,159011,4
5N1o6d8zGcSZSeMFkOUQOk,0.872,0.814,0,-4.568,1,0.155,0.00485,1.96e-06,0.214,0.57,98.985,199427,4
7Aem1fAapTdGcHwAYyQYU4,0.715,0.435,11,-10.325,0,0.251,0.67,0.0,0.106,0.801,204.077,117680,4
4a6q8CR2hzLk2plDkSxkfD,0.812,0.519,2,-4.823,1,0.0385,0.379,0.0,0.13,0.554,104.954,165714,4
0bzbvANY6oETSJLc0wlVGY,0.359,0.543,7,-7.582,1,0.0919,0.492,1.58e-05,0.118,0.453,68.534,221307,4
3s4mrPrEFFPF0LmAfutW0n,0.784,0.517,4,-8.981,0,0.209,0.0249,1.44e-06,0.155,0.206,97.991,200187,4
1GeNui6m825V8jP4uKiIaH,0.974,0.596,6,-8.888,1,0.184,0.0976,0.0,0.151,0.892,111.959,149040,4
5MPPttjfGap2C6j6eKcO6J,0.97,0.463,10,-7.259,1,0.366,0.0957,0.0,0.151,0.46,108.003,142417,4
5Z8HZM6iQMhhqyPcCGY5g9,0.855,0.651,0,-8.044,0,0.235,0.063,0.0,0.0772,0.559,111.997,193027,4
44ADyYoY5liaRa3EOAl4uf,0.53,0.538,5,-6.672,1,0.0335,0.17,2.83e-06,0.248,0.288,148.051,233654,4
5DSfqrLkUHLZ9bW0SS3rVy,0.683,0.667,2,-6.436,0,0.276,0.0105,0.0,0.076,0.373,180.005,171227,4
0rIAC4PXANcKmitJfoqmVm,0.599,0.887,4,-3.967,1,0.0984,0.0192,1.21e-06,0.3,0.881,170.918,193837,4
1dGr1c8CrMLDpV6mPbImSI,0.359,0.543,7,-7.582,1,0.0919,0.492,1.58e-05,0.118,0.453,68.534,221307,4
3RauEVgRgj1IuWdJ9fDs70,0.777,0.658,0,-5.191,1,0.054,0.0767,0.0,0.0901,0.633,110.048,190360,4
1BxfuPKGuaTgP7aM0Bbdwr,0.552,0.702,9,-5.707,1,0.157,0.117,2.06e-05,0.105,0.564,169.994,178427,4
43rA71bccXFGD4C8GOpIlN,0.664,0.316,5,-10.345,1,0.519,0.298,2.03e-06,0.0812,0.541,92.875,170640,4
6RRNNciQGZEXnqk8SQ9yv5,0.771,0.671,2,-5.617,1,0.0553,0.00929,0.0,0.0637,0.714,85.026,171360,4
4y5bvROuBDPr5fuwXbIBZR,0.811,0.719,9,-6.553,1,0.0497,0.0129,1.36e-05,0.0742,0.865,103.979,222400,4
2YWtcWi3a83pdEg3Gif4Pd,0.897,0.366,0,-8.029,1,0.0569,0.00889,0.000353,0.0715,0.416,100.003,173387,4
214nt20w5wOxJnY462klLw,0.662,0.747,11,-6.926,0,0.0736,0.028,0.00615,0.138,0.487,150.088,234147,4
12M5uqx0ZuwkpLp5rJim1a,0.824,0.624,0,-9.728,1,0.0827,0.781,0.000189,0.1,0.248,102.012,287267,4
1LLXZFeAHK9R4xUramtUKw,0.695,0.71,1,-6.639,1,0.05,0.0246,0.000104,0.133,0.557,157.925,190240,4
3pHkh7d0lzM2AldUtz2x37,0.292,0.574,0,-9.375,1,0.0401,0.12,0.00569,0.0663,0.166,124.344,211240,4
2dgFqt3w9xIQRjhPtwNk3D,0.712,0.732,4,-6.754,1,0.0629,0.454,0.0,0.319,0.313,94.071,198533,4
2Rk4JlNc2TPmZe2af99d45,0.61,0.83,0,-4.105,1,0.0571,0.033,0.0,0.118,0.728,182.162,193000,4
1SymEzIT3H8UZfibCs3TYi,0.756,0.449,9,-8.746,1,0.0344,0.13,0.0,0.114,0.399,111.011,223293,4
5hQSXkFgbxjZo9uCwd11so,0.739,0.32,11,-10.862,0,0.239,0.736,0.000147,0.111,0.351,79.97,200307,4
4AYtqFyFbX0Xkc2wtcygTr,0.433,0.182,0,-12.566,1,0.0641,0.907,0.0,0.123,0.421,207.476,201587,4
4VginDwYTP2eaHJzO0QMjG,0.704,0.758,0,-3.537,1,0.0402,0.233,0.00144,0.0924,0.534,120.003,214907,4
6EOKwHETwSkZ9gW2b6ASE0,0.745,0.642,7,-6.257,0,0.287,0.0204,0.0,0.0658,0.226,179.974,131240,4
6alCTRgBPoeAFi2N4il9Q4,0.686,0.561,10,-9.929,0,0.191,0.185,0.0,0.114,0.186,148.775,116240,4
3Yh9lZcWyKrK9GjbhuS0hR,0.682,0.919,0,-3.18,0,0.0875,0.256,0.0,0.442,0.535,95.982,159736,4
643PW82aBMUa1FiWi5VQY7,0.897,0.743,10,-5.446,0,0.222,0.304,4.44e-05,0.137,0.905,134.979,187105,4
0DZJACISivjWjscIp5Kg1q,0.493,0.665,2,-6.427,0,0.366,0.0107,0.0,0.0762,0.385,179.982,171227,4
51MMC5DogGZAnHil5HQAXg,0.695,0.762,0,-3.497,1,0.0395,0.192,0.00244,0.0863,0.553,120.042,215280,4
7C39RtGhnEw7cyf0Pyw7PV,0.617,0.684,0,-3.618,1,0.0439,0.0545,0.0,0.104,0.295,132.113,150867,4
4Yq3XUNfWrAPWuB94qkC09,0.499,0.8,1,-2.665,0,0.0502,0.0906,0.0,0.147,0.272,139.919,229573,4
6UFEJuDXQMWhL5UH5f9fUR,0.542,0.674,6,-4.169,1,0.21,0.0588,0.0,0.0955,0.667,76.388,196760,4
77Y7tccX9Hx5iClDr39uy9,0.405,0.646,4,-3.206,0,0.0476,0.331,0.0,0.103,0.17,130.218,156267,4
59PYPDxTbqJpiGfyogPb5h,0.614,0.66,0,-2.848,1,0.0441,0.19,0.0,0.211,0.452,145.01,245267,4
0hGH0S74Eoyv6mXZcOKtdQ,0.442,0.737,7,-5.046,1,0.109,0.0589,0.0,0.102,0.21,112.93,218320,5
4VqTRBvYg0z8C4nsl4Hupy,0.755,0.522,2,-4.368,1,0.0575,0.533,0.0,0.0685,0.925,89.96,157560,4
3hFG4jR5stnIQJDI64KlJY,0.632,0.732,6,-3.498,1,0.092,0.105,1.15e-05,0.111,0.317,159.0,221173,4
4LIbjDbLweGCrHVw8QbMSb,0.665,0.741,0,-3.694,1,0.0787,0.154,3.02e-05,0.345,0.57,144.968,156893,4
4hDoWaIklSVAKLocU3IDBr,0.746,0.559,5,-4.008,1,0.0316,0.703,0.0,0.148,0.368,117.943,200680,4
2leIuE4fdcJoNMSKu5Yr7a,0.724,0.772,6,-4.389,0,0.184,0.248,0.0,0.308,0.347,95.074,168280,4
2ve5NyzWHUbIYxL33goCX7,0.829,0.539,11,-7.359,0,0.208,0.136,1.78e-06,0.103,0.388,99.96,149547,4
4YgtN1HasxdDlrrZIggYxn,0.476,0.701,0,-4.234,1,0.0349,0.102,0.0,0.242,0.405,163.882,158120,4
2sfZgYusD8bBvB7qWekvSx,0.666,0.603,1,-5.671,1,0.0763,0.497,0.0,0.112,0.262,102.94,141413,4
4RzpCjByV1NWUGKVQGuej6,0.469,0.489,0,-6.071,1,0.0314,0.841,0.0,0.103,0.201,74.013,123387,4
21jGcNKet2qwijlDFuPiPb,0.695,0.762,0,-3.497,1,0.0395,0.192,0.00244,0.0863,0.553,120.042,215280,4
05mDaV9Vb3wrzjF6OPZnhq,0.617,0.684,0,-3.618,1,0.0439,0.0545,0.0,0.104,0.295,132.113,150867,4
3NkJNL3WqO1Lqc3uNDxvCN,0.643,0.721,1,-5.248,1,0.0449,0.00268,6.51e-06,0.0898,0.317,102.914,190107,4
0Xek5rqai2jcOWCYWJfVCF,0.542,0.674,6,-4.169,1,0.21,0.0588,0.0,0.0955,0.667,76.388,196760,4
7CZyCXKG6d5ALeq41sLzbw,0.499,0.8,1,-2.665,0,0.0502,0.0906,0.0,0.147,0.272,139.919,229573,4
0RiRZpuVRbi7oqRdSMwhQY,0.755,0.522,2,-4.368,1,0.0575,0.533,0.0,0.0685,0.925,89.96,157560,4
7sWRlDoTDX8geTR8zzr2vt,0.405,0.646,4,-3.206,0,0.0476,0.331,0.0,0.103,0.17,130.218,156267,4
2C6WXnmZ66tHhHlnvwePiK,0.614,0.66,0,-2.848,1,0.0441,0.19,0.0,0.211,0.452,145.01,245267,4
1000nHvUdawXuUHgBod4Wv,0.703,0.594,5,-6.146,0,0.0752,0.342,0.0,0.123,0.475,153.848,114893,4
12Fkyg9lpmaz2zmKOfw2Y2,0.442,0.737,7,-5.046,1,0.109,0.0589,0.0,0.102,0.21,112.93,218320,5
6V9fHiv84WlVTg7CSnIVY2,0.667,0.583,11,-5.127,0,0.0747,0.231,4.48e-05,0.181,0.187,92.043,181806,4
2J0NXdHr6MYvKDSxB7k3V2,0.632,0.732,6,-3.498,1,0.092,0.105,1.15e-05,0.111,0.317,159.0,221173,4
7aiClxsDWFRQ0Kzk5KI5ku,0.778,0.559,6,-7.109,0,0.0776,0.128,0.0,0.399,0.678,129.989,185093,1
4sjiIpEv617LDXaidKioOI,0.932,0.547,0,-7.787,0,0.333,0.0388,0.0,0.0924,0.695,94.998,176640,4
7xQAfvXzm3AkraOtGPWIZg,0.829,0.539,11,-7.359,0,0.208,0.136,1.78e-06,0.103,0.388,99.96,149547,4
1ckLp8lCl8LipXI0ypX72m,0.746,0.559,5,-4.008,1,0.0316,0.703,0.0,0.148,0.368,117.943,200680,4
4sWuPniHClkInYAnzXAYUF,0.787,0.713,7,-5.252,1,0.401,0.0849,0.0,0.717,0.762,175.041,148759,4
05WepN8vrMLJG5r8XRdLeL,0.862,0.685,0,-7.699,0,0.242,0.0342,0.0,0.204,0.672,100.024,172800,4
2b8fOow8UzyDFAE27YhOZM,0.764,0.32,11,-7.209,1,0.0546,0.837,0.0,0.0822,0.575,91.019,189486,4
6Ozh9Ok6h4Oi1wUSLtBseN,0.769,0.787,11,-3.909,1,0.367,0.189,0.0,0.129,0.836,126.77,159715,4
0fySG6A6qLE8IvDpayb5bM,0.768,0.652,1,-2.708,0,0.307,0.113,0.0,0.107,0.777,154.187,144935,4
77KMttn3Lic7ZQKDlPqp8v,0.862,0.685,0,-7.699,0,0.242,0.0342,0.0,0.204,0.672,100.024,172800,4
1CCDIow4pPYyJYzhtTUYz2,0.874,0.714,5,-4.946,1,0.233,0.0273,0.0,0.356,0.85,130.046,216678,4
2FvD20Z8aoWIePi7PoN8sG,0.816,0.582,8,-4.141,1,0.341,0.0794,5.84e-06,0.0916,0.542,160.004,136366,4
3eekarcy7kvN4yt5ZFzltW,0.598,0.427,7,-8.764,0,0.0317,0.0546,5.83e-06,0.21,0.0605,76.469,175721,4
2wrJq5XKLnmhRXHIAf9xBa,0.654,0.63,10,-4.644,1,0.0259,0.153,0.0,0.111,0.43,89.991,167693,4
6Gg1gjgKi2AK4e0qzsR7sd,0.474,0.631,5,-5.884,0,0.343,0.0687,0.0,0.132,0.425,180.051,189323,4
1lOe9qE0vR9zwWQAOk6CoO,0.745,0.642,7,-6.257,0,0.287,0.0204,0.0,0.0658,0.226,179.974,131240,4
2plLJpUcYPFrl1sW2pMG63,0.585,0.62,3,-8.09,0,0.0327,0.0426,0.00224,0.15,0.281,101.939,172227,4
1rgnBhdG2JDFTbYkYRZAku,0.825,0.593,6,-6.401,0,0.0988,0.688,0.000161,0.17,0.54,98.078,209755,4
0RLLvYBopDwooCyvnTwgYu,0.567,0.515,6,-10.265,0,0.247,0.354,0.0,0.078,0.321,120.1,224000,1
1HfMVBKM75vxSfsQ5VefZ5,0.505,0.34,4,-9.005,1,0.0438,0.576,0.0,0.21,0.0916,101.993,206459,4
5hDAT527wXWNBnJlujhuUs,0.753,0.652,10,-5.943,0,0.0753,0.444,0.0,0.117,0.745,139.962,123560,4
2QpGZOhTCHHiKmpSO9FW4h,0.529,0.9,1,-3.503,1,0.418,0.000248,1.21e-05,0.0426,0.434,180.291,104591,4
3JWiDGQX2eTlFvKj3Yssj3,0.799,0.291,11,-7.353,0,0.0318,0.873,0.000641,0.139,0.406,97.984,151873,4
2SasoXZyv82yYgHiVOvxQn,0.41,0.886,9,-4.413,0,0.155,0.0671,0.0,0.461,0.393,72.577,136351,4
39JRmdKFka1Oe09FoOCPI4,0.482,0.618,9,-5.673,0,0.197,0.647,0.000859,0.32,0.146,90.076,164620,3
24bnCCysWnbNRNUT4LpHcP,0.894,0.416,9,-6.823,0,0.0538,0.312,0.0,0.146,0.463,116.96,116560,4
0oPOuDmmkVp3h6puekhs6P,0.611,0.459,0,-3.926,0,0.0422,0.614,0.0,0.126,0.177,148.28,213878,4
6xRWoYwfwIKnT8bQGzKbxR,0.649,0.634,1,-4.394,1,0.0254,0.17,0.0,0.195,0.221,105.051,203141,4
1WnqWQcWcuQbVzgE7ecfCY,0.588,0.793,7,-6.23,1,0.0794,0.466,0.000647,0.913,0.694,76.997,112239,5
454Epa1vrCGFddHXKyC1kb,0.505,0.281,2,-12.404,1,0.1,0.57,0.000254,0.163,0.283,82.338,168420,4
4yI3HpbSFSgFZtJP2kDe5m,0.563,0.564,10,-7.906,0,0.271,0.114,0.0254,0.304,0.55,154.355,162596,5
7r6aR2f57resC5r93LwMfK,0.514,0.393,1,-8.72,0,0.529,0.558,0.0,0.282,0.598,78.039,203174,4
7sBgFMWqDWQgrsNSpIBoe8,0.243,0.26,4,-5.876,0,0.0305,0.828,4.03e-05,0.532,0.327,76.61,49293,3
1ZPWWSwCkxKfqdp4H0RFCo,0.621,0.601,6,-5.616,0,0.148,0.0522,0.0,0.46,0.457,116.735,163636,5
6WrI0LAC5M1Rw2MnX2ZvEg,0.794,0.793,11,-4.521,0,0.0842,0.0125,0.0,0.0952,0.677,123.941,183290,4
56AMYGJzxBO6p8v0wEe9de,0.845,0.631,7,-8.206,0,0.216,0.188,0.0,0.0806,0.545,111.983,279907,4
4IO8X9W69dIQe0EC5ALXhq,0.741,0.87,6,-3.494,0,0.503,0.00813,0.0,0.114,0.663,184.194,254723,4
6klLvorLoo1sxvZcjJIY8I,0.876,0.733,10,-4.478,0,0.333,0.0208,0.0,0.0999,0.962,154.904,148630,4
7iHHxY2NLlJRAmlAmC4ahQ,0.748,0.648,10,-6.445,0,0.0816,0.481,0.0,0.126,0.726,139.952,123560,4
598yNsG1JFrGd4n2kMoz7F,0.882,0.602,11,-5.554,1,0.245,0.0177,0.0,0.178,0.43,142.959,183011,4
20JtELGPfOAMq7FpUt8eSM,0.866,0.399,7,-10.938,1,0.0745,0.117,0.0,0.0689,0.713,129.047,223256,4
3QzAOrNlsabgbMwlZt7TAY,0.809,0.545,7,-6.678,1,0.0735,0.392,0.0,0.151,0.244,97.008,180435,4
3ZCTVFBt2Brf31RLEnCkWJ,0.704,0.225,6,-14.454,0,0.0994,0.902,0.657,0.106,0.243,120.006,245426,4
696DnlkuDOXcMAnKlTgXXK,0.621,0.601,6,-5.616,0,0.148,0.0522,0.0,0.46,0.457,116.735,163636,5
1e9oZCCiX42nJl0AcqriVo,0.548,0.816,0,-4.209,1,0.0465,0.122,0.0,0.335,0.557,95.39,174000,4
364spZLB5bhNlnPrzvUB41,0.512,0.623,9,-6.553,0,0.0808,0.0187,0.0,0.13,0.219,112.15,183589,5
2W4yABdLc4Jnds67Poi5Nl,0.865,0.438,7,-8.943,1,0.0719,0.177,0.0,0.0743,0.695,129.038,223258,4
3i9UVldZOE0aD0JnyfAZZ0,0.448,0.603,7,-7.176,1,0.064,0.433,0.0,0.0862,0.422,205.272,221307,3
4TnjEaWOeW0eKTKIEvJyCa,0.784,0.43,10,-8.756,0,0.0364,0.123,0.0,0.0887,0.236,127.087,159382,4
5DxXgozhkPLgrbKFY91w0c,0.886,0.672,1,-4.394,1,0.188,0.0363,8.78e-06,0.101,0.526,91.976,192024,4
7tgjDlQsMR8RvkdlNCJA58,0.687,0.449,2,-10.061,1,0.154,0.109,0.0,0.282,0.229,142.048,199437,4
57vxBYXtHMk6H1aD29V7PU,0.531,0.75,10,-5.831,0,0.111,0.00632,7.6e-05,0.117,0.198,169.954,200080,4
5bvnqVuq7UFl0txSlHpsfS,0.866,0.53,0,-6.347,0,0.0495,0.517,0.00159,0.0946,0.203,104.952,197973,4
2ktxr00GpTtbMNeBjNeY8D,0.85,0.516,0,-7.664,0,0.0714,0.763,0.0,0.0896,0.874,108.963,158532,4
5aJEh9Oqdz7PRLKTpH25pB,0.575,0.621,10,-8.165,0,0.032,0.0392,0.0045,0.141,0.27,101.987,172213,4
3Kd6Wp3lG5HXMB2dlvuy7y,0.802,0.82,10,-5.969,0,0.146,0.0579,0.0,0.149,0.613,164.005,172196,4
285pBltuF7vW8TeWk8hdRR,0.511,0.566,6,-7.23,0,0.2,0.349,0.0,0.34,0.218,83.903,239836,4
1M4qEo4HE3PRaCOM7EXNJq,0.676,0.771,8,-3.675,1,0.0483,0.0237,7e-06,0.102,0.569,99.048,207133,4
0sf12qNH5qcw8qpgymFOqD,0.513,0.796,1,-4.075,1,0.0629,0.00147,0.000209,0.0938,0.345,171.017,201573,4
0bYg9bo50gSsH3LtXe2SQn,0.335,0.625,7,-7.462,1,0.0386,0.164,0.0,0.0708,0.346,150.277,241107,4
4VXIryQMWpIdGgYR4TrjT1,0.671,0.529,0,-7.226,1,0.307,0.0769,0.000335,0.0856,0.203,161.989,165820,4
2EjXfH91m7f8HiJN1yQg97,0.589,0.472,8,-8.749,1,0.0502,0.614,0.0,0.505,0.898,67.196,126267,4
1Knctxx9vGZxpZfF66BIEa,0.594,0.798,4,-5.244,1,0.0844,0.115,0.0,0.143,0.381,142.049,191840,4
3hBXvHLlTHvnbwrPbeoyAj,0.754,0.424,2,-8.463,1,0.0363,0.643,0.0,0.0652,0.806,119.705,130973,4
0lizgQ7Qw35od7CYaoMBZb,0.525,0.621,7,-7.364,1,0.116,0.0489,0.0,0.294,0.591,191.9,204093,4
5hslUAKq9I9CG2bAulFkHN,0.24,0.598,7,-8.435,1,0.037,0.766,0.0,0.117,0.776,202.082,151933,3
6kls8cSlUyHW2BUOkDJIZE,0.657,0.768,8,-4.628,1,0.0507,0.108,0.0,0.144,0.759,75.025,186223,4
2Ec33AVlkTTq8BHFgBTdQs,0.881,0.457,7,-8.191,0,0.156,0.0327,0.0,0.231,0.296,136.97,198913,4
3jjujdWJ72nww5eGnfs2E7,0.676,0.771,8,-3.675,1,0.0483,0.0237,7e-06,0.102,0.569,99.048,207133,4
6UelLqGlWMcVH1E5c4H7lY,0.548,0.816,0,-4.209,1,0.0465,0.122,0.0,0.335,0.557,95.39,174000,4
0nbXyq5TXYPCO7pr3N8S4I,0.896,0.586,10,-6.687,0,0.0559,0.104,0.0,0.79,0.642,116.971,196653,4
1ZMiCix7XSAbfAJlEZWMCp,0.567,0.267,4,-6.502,1,0.0299,0.839,1.46e-06,0.089,0.0592,110.011,240133,4
4jAIqgrPjKLTY9Gbez25Qb,0.575,0.621,10,-8.165,0,0.032,0.0392,0.0045,0.141,0.27,101.987,172213,4
2IOFZdYYkFxEHVz1w34PoL,0.53,0.512,7,-9.261,1,0.0259,0.615,0.00453,0.129,0.411,95.946,259187,4
45S5WTQEGOB1VHr1Q4FuPl,0.448,0.838,4,-5.257,0,0.0557,0.21,0.000131,0.131,0.254,139.863,208907,4
3yOlyBJuViE2YSGn3nVE1K,0.724,0.491,8,-6.024,1,0.0296,0.018,1.29e-05,0.0887,0.383,105.046,170746,4
6SQLk9HSNketfgs2AyIiMs,0.535,0.521,0,-5.942,1,0.0272,0.000532,0.371,0.19,0.457,140.026,362653,3
1IcR6RlgvDczfvoWJSSY2A,0.234,0.526,2,-11.656,1,0.0411,0.871,2.34e-06,0.122,0.649,201.739,151000,3
2FRnf9qhLbvw8fu4IBXx78,0.735,0.478,2,-12.472,1,0.0293,0.189,2.48e-06,0.355,0.947,107.682,262960,4
4PS1e8f2LvuTFgUs1Cn3ON,0.319,0.21,1,-15.231,1,0.0341,0.92,8.06e-05,0.138,0.209,78.696,192160,4
65Q2mv3UlVi9eO70OpsmSe,0.683,0.375,0,-13.056,1,0.0303,0.579,0.0,0.076,0.888,140.467,135533,4
0lLdorYw7lVrJydTINhWdI,0.339,0.214,4,-11.714,1,0.0375,0.908,7.47e-06,0.341,0.363,94.775,206640,3
4kKdvXD0ez7jp1296JmAts,0.653,0.259,2,-13.336,1,0.0595,0.903,0.0,0.362,0.835,142.157,155453,4
6tjituizSxwSmBB5vtgHZE,0.647,0.465,7,-8.308,1,0.0428,0.865,0.0,0.0882,0.699,151.251,119787,4
4so0Wek9Ig1p6CRCHuINwW,0.317,0.158,9,-16.485,1,0.0381,0.673,0.353,0.338,0.247,130.503,177480,3
7taXf5odg9xCAZERYfyOkS,0.485,0.857,2,-7.059,1,0.0442,0.534,0.0,0.347,0.963,148.749,182360,4
7xapw9Oy21WpfEcib2ErSA,0.658,0.56,6,-9.049,0,0.0467,0.498,0.0,0.0794,0.854,161.994,182947,4
0jiPKUSdsJNCxMPHjMqptk,0.34,0.805,8,-6.3,1,0.053,0.275,0.000459,0.0988,0.341,126.865,164959,4
7Lbxvt42JsNSKVCaN63qhD,0.774,0.511,11,-8.914,1,0.0319,0.322,0.0,0.0672,0.771,94.736,227653,4
6gi6y1xwmVszDWkUqab1qw,0.802,0.591,8,-4.895,1,0.225,0.0104,0.0,0.196,0.309,139.864,157712,4
7h0d2h0fUmzbs7zeFigJPn,0.559,0.491,2,-6.406,0,0.0346,0.0567,0.0,0.0992,0.114,153.131,244874,4
1iSqfoUFnQwV0QW1EfUit8,0.736,0.369,9,-9.682,0,0.0688,0.334,0.0,0.126,0.235,140.005,222997,4
2jrAaawDRCn1JjeouxAyDN,0.748,0.789,2,-4.579,1,0.103,0.262,0.0,0.13,0.671,147.957,157133,4
4AO1XhrgJczQ9bNVxdfKQe,0.643,0.594,9,-5.191,0,0.0312,0.0695,1.46e-05,0.115,0.195,118.037,250142,4
6uJONCdr2rC65BNmCnTBWK,0.859,0.6,7,-4.63,0,0.301,0.071,0.0,0.353,0.568,123.017,244761,4
3VyjsVV24RmBIbWJAeUJNu,0.651,0.631,6,-5.717,0,0.0896,0.519,0.000579,0.165,0.35,127.994,154424,4
41L3O37CECZt3N7ziG2z7l,0.687,0.514,9,-6.612,0,0.0897,0.366,0.0,0.116,0.494,145.921,210427,4
6U0FIYXCQ3TGrk4tFpLrEA,0.453,0.538,1,-8.212,1,0.0638,0.449,0.0,0.19,0.516,122.973,204533,4
5yY9lUy8nbvjM1Uyo1Uqoc,0.676,0.609,2,-5.831,0,0.481,0.0706,0.0,0.152,0.508,142.037,237735,4
3ClBKQkKoaUQ6UOhe2xlJK,0.794,0.32,1,-12.92,0,0.173,0.853,0.134,0.112,0.241,174.088,342040,4
7HMmFQsKsljwTw8bS7lu19,0.838,0.545,5,-6.713,1,0.0706,0.208,8.01e-05,0.103,0.631,114.998,220590,4
2usxQITOSDqvkYiI0oIwao,0.591,0.585,2,-6.35,1,0.0277,0.143,0.0,0.109,0.324,110.94,205473,4
2u3EyuCqqV31woqGvO9LBz,0.823,0.552,4,-7.57,0,0.324,0.0174,0.0,0.122,0.418,124.038,205760,4
4l0Mvzj72xxOpRrp6h8nHi,0.488,0.343,4,-8.985,1,0.0436,0.556,0.0,0.21,0.0978,102.819,206459,4
3Dv1eDb0MEgF93GpLXlucZ,0.787,0.673,11,-4.577,0,0.158,0.256,3.57e-06,0.0904,0.786,110.962,237893,4
7FIWs0pqAYbP91WWM0vlTQ,0.808,0.745,10,-5.26,0,0.342,0.145,0.0,0.292,0.829,165.995,210800,4
1DWZUa5Mzf2BwzpHtgbHPY,0.794,0.32,1,-12.92,0,0.173,0.853,0.134,0.112,0.241,174.088,342040,4
2hwOoMtWPtTSSn6WHV7Vp5,0.742,0.553,8,-8.98,1,0.419,0.389,0.0,0.0694,0.508,84.931,209440,4
4jXl6VtkFFKIt3ycUQc5LT,0.61,0.0316,9,-15.186,1,0.0486,0.896,0.00461,0.108,0.37,151.964,170360,4
7lidXGPXPYLNThITAOTlkK,0.591,0.585,2,-6.35,1,0.0277,0.143,0.0,0.109,0.324,110.94,205473,4
3R8CyhJfVjvgIROd5RSGhQ,0.699,0.503,5,-9.922,0,0.0882,0.391,0.0126,0.0996,0.0546,114.86,220853,4
0q2vG0UVuy6ajjcpkQHdZM,0.852,0.752,1,-5.793,1,0.0597,0.0169,0.0,0.394,0.389,89.95,216600,4
3WfSNAoj2D8C9noPSGZZFM,0.831,0.36,0,-8.073,1,0.052,0.136,0.00217,0.0703,0.601,75.014,232212,4
0GQ5bFTVFFKpwNPc7KwQnB,0.68,0.82,4,-4.197,0,0.151,0.0614,0.0,0.597,0.243,140.033,234653,4
2Yv2mHzr5AQavVdwQjEokV,0.677,0.33,2,-11.198,1,0.149,0.474,0.000871,0.064,0.336,68.985,298440,4
5SiZJoLXp3WOl3J4C8IK0d,0.671,0.623,2,-7.161,1,0.308,0.00998,7.55e-06,0.643,0.195,75.055,337147,4
0VSzREd1OjEWJ9tXoFHRQH,0.794,0.637,4,-6.29,0,0.339,0.028,0.0,0.0919,0.393,103.868,177693,4
07KXEDMj78x68D884wgVEm,0.831,0.499,11,-8.442,0,0.114,0.269,0.0,0.3,0.511,97.956,220487,4
4wNIkl5XGiAACjFBlDWuSd,0.852,0.698,9,-7.206,1,0.0629,0.00839,1.03e-06,0.0773,0.324,113.039,180645,4
3Qa944OTMZkg8DHjET8JQv,0.779,0.362,0,-10.847,1,0.0474,0.135,0.206,0.111,0.46,85.011,286387,4
1bRO28yzxgO3y3UmNR29TZ,0.804,0.528,1,-3.231,1,0.378,0.125,0.0,0.41,0.321,138.005,184440,4
364dI1bYnvamSnBJ8JcNzN,0.811,0.553,9,-6.644,1,0.0552,0.317,0.0,0.105,0.86,148.014,212869,4
6wJYhPfqk3KGhHRG76WzOh,0.774,0.554,0,-7.909,1,0.0383,0.207,0.0,0.132,0.349,99.034,162547,4
6p8eEdiZLKJH8tcjGZuNTK,0.447,0.72,7,-3.954,1,0.0332,0.0416,0.000297,0.614,0.362,157.892,195000,3
3Q6F8RByyhRTJpRtZLY3cg,0.923,0.604,11,-6.671,0,0.245,0.017,0.0,0.272,0.826,145.062,139741,4
0TrPqhAMoaKUFLR7iYDokf,0.79,0.694,9,-7.726,0,0.0708,0.145,0.00252,0.281,0.508,103.007,181436,4
4umIPjkehX1r7uhmGvXiSV,0.806,0.546,9,-6.637,1,0.0575,0.3,0.0,0.102,0.874,147.986,212867,4
73SpzrcaHk0RQPFP73vqVR,0.38,0.219,4,-13.273,0,0.0358,0.917,0.0104,0.0827,0.0517,73.537,242265,4
2ZlCGeK30BLRNSPC832pNZ,0.825,0.483,8,-5.746,0,0.08,0.538,1.48e-05,0.204,0.892,139.98,219933,4
733c1CWmIGymoQXdp7Us88,0.819,0.654,11,-6.665,0,0.136,0.517,0.0,0.0996,0.455,133.503,188563,4
16wAOAZ2OkqoIDN7TpChjR,0.676,0.506,9,-6.652,0,0.0958,0.345,0.0,0.118,0.497,145.842,208520,4
2ZTYlnhhV1UAReg7wIGolx,0.483,0.361,0,-7.889,1,0.0738,0.832,4.66e-06,0.098,0.307,171.649,193795,4
6ZelF5APDN5r6XnFqcnvWR,0.904,0.627,1,-5.608,1,0.222,0.0303,5.68e-06,0.0923,0.236,145.976,224243,4
4ejyZ4uJEXUURcgKp1kP8v,0.663,0.567,5,-5.941,0,0.0309,0.0938,0.00978,0.124,0.139,108.959,361947,4
22LAwLoDA5b4AaGSkg6bKW,0.774,0.554,0,-7.909,1,0.0383,0.207,0.0,0.132,0.349,99.034,162547,4
1Cv1YLb4q0RzL6pybtaMLo,0.878,0.525,5,-6.832,1,0.0578,0.183,0.0,0.0714,0.694,112.022,158571,4
2nC3QhMI9reBIOWutbU3Tj,0.572,0.406,10,-8.624,1,0.0427,0.587,4.48e-06,0.102,0.265,119.812,201084,4
5raTDhlbxFDnpn89bxArdH,0.719,0.611,7,-5.01,0,0.0403,0.0582,0.0,0.155,0.489,129.962,212354,4
2kJu14V7hbZw3I4K8L8SXb,0.676,0.815,8,-4.294,1,0.0625,0.00146,0.00041,0.275,0.796,117.973,193531,4
7KSSdFCBHCfq4KPzz78ghk,0.788,0.436,1,-9.435,1,0.364,0.0611,0.0,0.0979,0.341,129.847,177314,4
6NfrH0ANGmgBXyxgV2PeXt,0.685,0.848,8,-4.561,0,0.0858,0.0861,7.14e-06,0.0783,0.761,179.87,163084,4
38RIEav39FGi86jppxO0du,0.85,0.536,1,-5.161,1,0.0599,0.267,3.89e-05,0.0996,0.505,96.029,210607,4
41wtwzCZkXwpnakmwJ239F,0.9,0.603,2,-5.313,1,0.0646,0.402,4.81e-06,0.134,0.824,129.928,170972,4
02RCbjb9czvQKNGBmEmWob,0.883,0.599,11,-5.551,1,0.248,0.0177,0.0,0.179,0.413,142.976,183011,4
2n7ohqg1s68ToAHh4u9mcW,0.886,0.672,1,-4.394,1,0.188,0.0363,8.78e-06,0.101,0.526,91.976,192024,4
69vlMrzHwATKzupwNcUPyK,0.744,0.868,1,-4.524,1,0.047,0.0326,0.0,0.0822,0.586,93.037,206420,4
74fV8TuLZKVzSIOOGu8wwI,0.92,0.833,1,-3.18,1,0.253,0.0277,0.0,0.0596,0.645,141.033,165726,4
6AyWdCtEn1DdxjnxPeojR2,0.807,0.678,6,-3.244,0,0.177,0.0345,0.0,0.0986,0.21,147.004,173061,4
7hav1MHURQf5SAoPk0egqh,0.772,0.634,10,-6.101,0,0.212,0.135,0.0,0.432,0.671,160.052,210261,4
2ajzBr7vwHTEBeqDzcsNRC,0.712,0.599,7,-5.368,0,0.0388,0.0554,0.0,0.154,0.503,130.007,212354,4
3kW4z2pIj5VY5fLjBrMRL5,0.775,0.72,11,-5.353,0,0.193,0.0236,0.0,0.114,0.49,155.086,234627,4
6CUP2khYzdphXebxVTfPE3,0.855,0.676,1,-5.736,1,0.325,0.0888,0.0,0.144,0.509,133.081,195299,4
5egD7A5x9AHdVO2fMo3Wbo,0.903,0.535,8,-6.238,1,0.286,0.0296,0.0,0.0851,0.157,130.117,195692,4
6vxU64pcIuQ38O015Zy4qj,0.929,0.563,9,-7.428,1,0.49,0.000592,0.0,0.244,0.354,129.957,213885,4
4YcWzLSnGqLjSCycuSMHnn,0.786,0.684,7,-5.397,1,0.205,0.172,0.0,0.706,0.563,126.002,233333,4
1xcOYJxDa5pObgxY1r0I9c,0.858,0.547,1,-5.822,1,0.29,0.213,0.0,0.104,0.304,128.02,211883,4
1jDbQz6tr52WgScCTXMnaN,0.742,0.6,1,-6.668,0,0.418,0.00948,0.0,0.785,0.272,139.888,227474,4
25B5fGr9K0VdZJiRFsnMO4,0.748,0.771,6,-4.156,1,0.15,0.101,0.0,0.135,0.792,142.087,195058,4
2oHDJHNondITqbl8xZ9vPn,0.776,0.752,8,-4.711,0,0.194,0.325,0.0,0.33,0.716,140.008,192705,4
3BYIzNZ3t9lRQCACXSMLrT,0.775,0.757,9,-4.139,1,0.202,0.162,0.0,0.148,0.557,142.933,188800,4
2fOlBMkWR7lXJfqp5VTbDG,0.879,0.448,7,-8.57,0,0.221,0.0341,0.0,0.224,0.279,136.988,198913,4
6YAxCn4juTWn5hWl2hzHGw,0.842,0.556,8,-6.793,1,0.442,0.159,0.0,0.204,0.306,118.836,196639,4
46mT9NR7N9Zf5MolcrBgE3,0.703,0.768,0,-4.055,1,0.0655,0.541,0.0,0.105,0.572,70.055,212821,4
4wBcaYqLPm7EtDVoJQORU4,0.736,0.703,11,-6.256,1,0.364,0.237,1.88e-06,0.413,0.614,151.886,194452,4
56uXDJRCuoS7abX3SkzHKQ,0.771,0.654,8,-6.976,0,0.299,0.055,0.0,0.214,0.571,155.048,224955,4
0IpnZchq8ek2A6pGEP2Qb1,0.733,0.567,0,-6.718,1,0.319,0.0128,0.0,0.382,0.318,75.491,238816,4
1jaTQ3nqY3oAAYyCTbIvnM,0.923,0.604,11,-6.671,0,0.245,0.017,0.0,0.272,0.826,145.062,139741,4
59JWp4PjZ9TRM8cmtaDYB1,0.896,0.739,8,-6.633,1,0.283,0.0183,7.61e-06,0.102,0.763,140.003,219340,4
4S2uhQE8L9V6p7rj7SiauJ,0.655,0.441,9,-5.245,0,0.0629,0.474,0.0,0.099,0.273,139.957,225857,4
4nK5YrxbMGZstTLbvj6Gxw,0.863,0.631,7,-4.689,1,0.0534,0.305,3.04e-05,0.123,0.817,128.977,223480,4
7eJMfftS33KTjuF7lTsMCx,0.726,0.431,8,-8.765,0,0.135,0.731,0.0,0.696,0.348,144.026,173333,4
4SnlSaLJJ7reJMCHM5YUuX,0.802,0.748,8,-5.708,1,0.207,0.238,0.0,0.165,0.516,150.064,193861,4
4S8d14HvHb70ImctNgVzQQ,0.901,0.522,2,-8.304,1,0.33,0.0114,0.0,0.259,0.329,104.053,127947,4
60SdxE8apGAxMiRrpbmLY0,0.876,0.786,10,-4.884,0,0.306,0.0627,0.0,0.127,0.575,153.068,244679,4
2E124GmJRnBJuXbTb4cPUB,0.931,0.387,1,-9.127,1,0.412,0.088,0.0,0.136,0.376,125.978,179405,4
0s3nnoMeVWz3989MkNQiRf,0.511,0.566,6,-7.23,0,0.2,0.349,0.0,0.34,0.218,83.903,239836,4
2G7V7zsVDxg1yRsu7Ew9RJ,0.835,0.626,1,-5.833,1,0.125,0.0589,6e-05,0.396,0.35,91.03,217925,4
0TlLq3lA83rQOYtrqBqSct,0.912,0.412,7,-8.074,1,0.124,0.0164,0.013,0.104,0.422,154.983,238614,4
3ee8Jmje8o58CHK66QrVC2,0.74,0.613,8,-4.88,1,0.145,0.258,0.00372,0.123,0.473,75.023,166606,4
2jt2WxXMCD4zjACthkJQVE,0.939,0.551,1,-9.126,1,0.291,0.0311,0.0,0.192,0.42,118.552,337941,4
5bJ1DrEM4hNCafcDd1oxHx,0.52,0.538,1,-8.109,1,0.206,0.367,0.00187,0.119,0.177,141.894,345133,4
0JP9xo3adEtGSdUEISiszL,0.921,0.537,9,-5.723,0,0.0804,0.556,0.00404,0.102,0.711,128.009,135090,4
5IaHrVsrferBYDm0bDyABy,0.884,0.559,0,-7.442,1,0.12,0.0236,0.0,0.101,0.342,97.994,232959,4
0d2iYfpKoM0QCKvcLCkBao,0.56,0.68,6,-7.648,0,0.321,0.555,0.0,0.116,0.319,89.391,173800,4
7dt6x5M1jzdTEt8oCbisTK,0.68,0.578,10,-5.804,1,0.04,0.331,0.0,0.135,0.341,145.038,231267,4
6vN77lE9LK6HP2DewaN6HZ,0.964,0.346,5,-9.309,0,0.53,0.035,0.0,0.108,0.562,119.958,142273,4
3QybPutx0Tjk472bBKjNWn,0.738,0.629,6,-4.882,0,0.0495,0.268,0.00114,0.163,0.319,146.067,180898,4
58q2HKrzhC3ozto2nDdN4z,0.816,0.726,5,-3.998,0,0.129,0.099,0.0,0.372,0.65,136.048,253390,4
7wBJfHzpfI3032CSD7CE2m,0.487,0.789,8,-3.69,1,0.044,0.00947,4.05e-06,0.189,0.0564,150.007,270715,4
28FGV3ORH14MYORd7s5dlU,0.904,0.756,10,-3.746,1,0.32,0.0692,0.0,0.339,0.342,140.005,288087,4
4OafepJy2teCjYJbvFE60J,0.568,0.656,8,-5.413,1,0.0433,0.0211,1.37e-05,0.213,0.364,100.049,198160,4
58QhkbaAkLFnn7JwAnAato,0.83,0.546,1,-5.716,1,0.295,0.227,0.0,0.112,0.535,182.973,262494,4
5WvAo7DNuPRmk4APhdPzi8,0.552,0.76,0,-4.706,1,0.342,0.0733,0.0,0.0865,0.639,135.702,260000,5
7fa9MBXhVfQ8P8Df9OEbD8,0.851,0.541,0,-6.825,1,0.0505,0.568,0.0,0.13,0.448,124.959,235545,4
5N5k9nd479b1xpDZ4usjrg,0.781,0.768,11,-5.991,1,0.0394,0.0119,4.91e-06,0.325,0.486,123.07,213309,4
7m9OqQk4RVRkw9JJdeAw96,0.872,0.391,0,-9.144,0,0.242,0.469,4.13e-06,0.297,0.437,134.021,119133,4
5N4erncE7kuUccm7zEmwzk,0.588,0.67,0,-6.439,1,0.0473,0.0104,3.33e-06,0.338,0.505,118.159,238173,4
5OCJzvD7sykQEKHH7qAC3C,0.602,0.658,1,-5.934,1,0.0558,0.0233,6e-05,0.237,0.268,145.031,197547,4
29tc0GbW0pTSBZSCZF3NWk,0.665,0.651,1,-5.515,1,0.156,0.0414,0.0,0.0896,0.237,163.935,175755,4
4zIO3ilp5HvTeK3HJHxhMP,0.448,0.612,2,-6.106,1,0.0708,0.216,0.0,0.08,0.213,97.773,189467,4
0QIjsbm2fh1cJ45XO9eGqq,0.8,0.578,4,-5.144,0,0.0485,0.00381,0.0,0.359,0.367,143.01,204665,4
4T3fNx3CgwDRRYgmFCbD4J,0.442,0.585,0,-10.332,0,0.0964,0.0984,0.391,0.14,0.116,97.565,229413,4
0Fpen1PTuEnCmOJtUU9Iud,0.85,0.785,8,-4.963,0,0.345,0.0367,0.0,0.155,0.718,145.063,343099,4
1BxkZE73h9BN3qwuA15TA3,0.9,0.653,1,-6.962,0,0.289,0.0945,0.0,0.528,0.399,112.503,145603,4
7d6XJZjnm7iWcKwYL9z5kC,0.699,0.558,11,-7.622,1,0.0603,0.462,0.0,0.116,0.493,79.992,165000,4
0ZNrc4kNeQYD9koZ3KvCsy,0.745,0.346,1,-7.709,1,0.331,0.00552,0.0,0.0881,0.112,203.911,237240,4
0UyljEbX9dqI1K0sqdv6B6,0.515,0.479,3,-7.458,1,0.0261,0.544,0.00598,0.191,0.284,88.964,209274,4
0Dn40gxVCMo5TkgS8Ik18Q,0.669,0.574,4,-6.442,0,0.0286,0.0175,0.00294,0.146,0.273,120.013,196400,4
1jo3TwNGCXfNdB5uba3ZVv,0.892,0.651,0,-8.645,0,0.378,0.0989,0.0,0.371,0.599,105.814,253580,4
04MLEeAMuV9IlHEsD8vF6A,0.765,0.704,5,-4.589,0,0.127,0.0215,0.0,0.227,0.498,147.055,192172,4
7AQim7LbvFVZJE3O8TYgf2,0.797,0.533,0,-9.74,0,0.0412,0.0172,0.000152,0.103,0.329,131.036,146520,4
0dbTQYW3Ad1FTzIA9t90E8,0.855,0.694,2,-4.393,1,0.169,0.371,0.0,0.109,0.49,122.078,324189,4
5BQrp63SHCVf4bzCzJePne,0.585,0.709,8,-6.072,1,0.319,0.409,0.0,0.183,0.21,111.913,249450,4
0CBQ0m3mufWH75LTYB3s6h,0.902,0.819,1,-3.321,1,0.317,0.0414,0.0,0.106,0.746,89.0,186872,4
3wScL5W8H40zzCKN0atfBk,0.743,0.87,1,-2.188,1,0.212,0.0595,0.0,0.299,0.884,99.075,194184,4
0Y7di9ZCmB6Elad5WISaPc,0.879,0.662,2,-6.162,1,0.309,0.033,0.0,0.716,0.723,117.975,189909,4
5cGpjfgAvidLy6znwkCxkP,0.578,0.577,2,-5.997,0,0.202,0.121,0.0,0.086,0.154,99.288,193243,5
3JX0dOCIAiaR8MP3ryXWuM,0.784,0.44,10,-6.566,1,0.0401,0.0263,1.9e-06,0.122,0.22,118.089,216961,4
4w8niZpiMy6qz1mntFA5uM,0.842,0.801,8,-4.167,0,0.228,0.157,4.82e-06,0.0642,0.617,95.881,212500,4
5IvdLxVB8gwwcgnEkXSSW2,0.603,0.457,11,-5.384,1,0.297,0.525,0.0,0.0905,0.458,73.724,242972,4
05r1GGg1Rhs0RcUg27C82a,0.624,0.568,9,-5.664,1,0.143,0.0301,0.0,0.25,0.115,149.857,242050,4
2AwyHlbA6f641SEkizD5JG,0.752,0.708,9,-5.053,1,0.28,0.0395,0.0,0.0601,0.645,84.974,205983,4
2DnH4XlEkghUdE8ymdVom5,0.769,0.55,9,-6.299,0,0.359,0.0283,0.0,0.139,0.36,97.01,269287,4
0ubdf6zWT1It2saK41SkO0,0.807,0.571,2,-6.937,1,0.312,0.0169,0.0,0.252,0.0993,139.996,208504,4
5s6pKnF3ZPtuqvEx1i1V7U,0.788,0.765,2,-3.93,1,0.439,0.276,0.0,0.216,0.667,144.046,223617,4
6wWaVoUOzLQJHd3bWAUpdZ,0.753,0.686,1,-5.415,0,0.284,0.0677,0.0,0.193,0.886,132.055,194732,4
1jQvUmf16VE9WQCPuK2e8K,0.733,0.63,11,-4.296,1,0.395,0.13,0.0,0.162,0.832,149.989,152000,4
15kQGEy89K8deJcZVFEn0N,0.539,0.651,1,-5.304,1,0.0432,0.0651,0.0,0.0662,0.474,105.159,199227,4
7l3E7lcozEodtVsSTCkcaA,0.861,0.637,8,-5.692,0,0.24,0.0515,3.35e-06,0.0967,0.474,98.044,228654,4
116H0KvKr2Zl4RPuVBruDO,0.817,0.539,6,-6.349,0,0.0621,0.0141,0.000496,0.099,0.158,97.062,210368,4
3edzl4zvKFi0D3iuF6cs2f,0.917,0.786,11,-4.921,0,0.208,0.0403,0.0,0.195,0.441,143.038,224903,4
1A6OTy97kk0mMdm78rHsm8,0.753,0.498,2,-5.61,1,0.0504,0.551,0.0,0.0706,0.927,89.95,158053,4
5274I4mUMnYczyeXkGDWZN,0.656,0.542,7,-7.358,1,0.323,0.0484,0.0,0.126,0.551,166.111,141587,4
2OpBganfGk2GVdSlRdxzaX,0.695,0.586,0,-10.315,0,0.0658,0.102,0.317,0.113,0.112,98.035,229320,4
14JzyD6FlBD5z0wV5P07YI,0.498,0.104,1,-14.08,0,0.0621,0.979,7.86e-05,0.0895,0.205,124.001,199931,3
4AhSkRYioEIfGvCV19peYN,0.695,0.639,7,-6.897,0,0.153,0.107,0.000657,0.118,0.344,90.027,189493,4
6JQvHMSaR8flFsN53ypOfP,0.699,0.558,11,-7.622,1,0.0603,0.462,0.0,0.116,0.493,79.992,165000,4
06GcodDliPWAYFX2LSFLIu,0.487,0.458,4,-7.761,0,0.0371,0.552,0.0257,0.117,0.207,115.989,270413,4
2LskIZrCeLxRvCiGP8gxlh,0.703,0.723,9,-5.45,0,0.0412,0.0302,2.06e-06,0.126,0.288,104.969,198903,4
2GGMabyHXnJmjY6CXhhB2e,0.95,0.59,8,-6.508,0,0.29,0.00534,0.0,0.11,0.219,130.003,183527,4
14mHfNsSHN0FbLftyjrV9g,0.792,0.743,7,-2.806,1,0.0851,0.107,0.0,0.183,0.742,150.024,195637,4
2rPE9A1vEgShuZxxzR2tZH,0.724,0.647,1,-5.642,1,0.0658,0.28,0.0,0.102,0.435,106.96,207333,4
43lYaovU2FoeuBMNusVVVW,0.81,0.353,6,-9.931,0,0.31,0.588,0.0,0.102,0.0727,88.031,208293,4
1m6lqaLvUTxPjOo98fJH8U,0.87,0.35,1,-6.082,1,0.277,0.00661,0.000483,0.108,0.175,74.963,168347,4
5gub2bpJRgJP4m4MliqtdV,0.901,0.464,5,-9.789,0,0.0645,0.368,1.71e-05,0.238,0.638,109.004,203267,4
2mYDDUkBcgFNBqkWctyyuc,0.638,0.4,11,-11.212,0,0.0425,0.733,0.000133,0.334,0.495,150.133,166093,4
4CH66Rxcjcj3VBHwmIBj4T,0.78,0.492,5,-3.4,0,0.0671,0.0643,0.0313,0.174,0.374,143.983,94246,4
6SAKXCj5jyF6IgPCPbZ5ra,0.736,0.67,10,-6.702,1,0.311,0.186,0.0,0.114,0.845,130.032,169999,4
5aXgz1oKK8Q9z9xvTmSnrO,0.755,0.615,4,-8.245,1,0.0454,0.00587,1.75e-06,0.109,0.039,105.955,215364,4
4jvjzW7Hm0yK4LvvE0Paz9,0.669,0.574,4,-6.442,0,0.0286,0.0175,0.00294,0.146,0.273,120.013,196400,4
75lcPkAkUsKWHGBlGM476R,0.825,0.572,6,-6.067,0,0.0864,0.0079,0.0,0.113,0.568,141.991,175954,4
2RSHsoi04658QL5xgQVov3,0.383,0.637,3,-6.993,1,0.0703,0.0722,0.0,0.368,0.0827,177.913,260773,4
0AluA5RNsa4Cx6XRhf2hWZ,0.81,0.353,6,-9.931,0,0.31,0.588,0.0,0.102,0.0727,88.031,208293,4
7wC5eZcFS1Q1BsQ35DU6H4,0.64,0.321,0,-14.604,1,0.0931,0.693,0.0307,0.114,0.177,145.045,210376,4
1XBc4r6ltXjkFJBrsttwIF,0.691,0.402,8,-12.149,1,0.0599,0.703,0.0,0.463,0.844,139.752,125827,4
7vQbuQcyTflfCIOu3Uzzya,0.754,0.424,2,-8.463,1,0.0363,0.643,0.0,0.0652,0.806,119.705,130973,4
4m5Cd9kAbIxg6t9sMrQWtk,0.82,0.691,6,-6.646,0,0.0723,0.0115,0.0,0.344,0.683,142.027,135739,4
6Gy7rXB6Ku5vIWC7WGWsl3,0.745,0.715,1,-3.368,0,0.245,0.128,0.0,0.182,0.342,94.513,136032,4
1oJ8EDr2pv94IvSd6ZmDgo,0.761,0.672,1,-5.887,1,0.212,0.0893,9.77e-06,0.14,0.437,160.077,192405,3
74lnM5V6ecvoTPV0fvptx9,0.808,0.617,10,-9.32,0,0.442,0.113,0.0,0.734,0.632,149.962,166400,4
6o79O9qBP3OAkWOXajAQIS,0.772,0.812,0,-3.995,0,0.153,0.0834,0.0,0.115,0.655,97.407,128769,4
3DnZfpfe8wLeJgzc00gKeW,0.864,0.666,1,-5.525,1,0.234,0.0482,0.0,0.134,0.538,132.12,225008,4
7pdF27mSDuPWhppnHAmWHa,0.735,0.525,6,-2.939,0,0.0441,0.653,0.918,0.101,0.369,160.147,157777,4
22An65gG31JLf9n18qjdhZ,0.78,0.492,5,-3.4,0,0.0671,0.0643,0.0313,0.174,0.374,143.983,94246,4
7uqcLJFlSYjVPLUz1vPxkY,0.712,0.374,0,-10.215,0,0.511,0.795,0.0,0.187,0.779,133.952,108035,4
4axYWgXASdsCBHuwInAubT,0.797,0.293,5,-7.479,1,0.08,0.591,0.0724,0.148,0.478,80.035,121630,4
5lar0mCUejpILVkAz50s2J,0.492,0.712,9,-7.278,0,0.691,0.564,9.1e-05,0.357,0.23,137.453,164083,3
57nOpVSc3j9o03Cr928ZM4,0.639,0.312,0,-9.902,1,0.0301,0.774,0.469,0.0857,0.347,103.369,150769,4
0T6RSXxFhW8dRTWHI604ld,0.568,0.636,11,-4.265,1,0.204,0.00671,0.0,0.105,0.879,113.497,197759,5
4KpKyRFwN0gcwj58Uqjv7q,0.557,0.338,5,-9.892,1,0.0257,0.134,0.00184,0.14,0.689,140.935,85124,4
5wujBwqG7INdStqGd4tRMX,0.736,0.67,10,-6.702,1,0.311,0.186,0.0,0.114,0.845,130.032,169999,4
0todbbT9g5uQGbeFCiBf2F,0.714,0.474,8,-4.993,1,0.039,0.374,0.0,0.106,0.376,62.484,212293,3
4KX8vXbouybtUptEyYxtIk,0.769,0.627,7,-4.064,1,0.262,0.394,0.0,0.106,0.49,157.938,164038,4
2FUNBaa5DwItJtYEBgAblU,0.89,0.607,9,-6.916,0,0.124,0.158,0.000228,0.118,0.224,134.022,233040,4
4paAidoE8VAemwU4jgCc6l,0.713,0.62,0,-4.513,1,0.0422,0.171,1.16e-06,0.118,0.206,130.09,211785,4
0247StOpd3AkeBQzANX4Zf,0.599,0.642,0,-6.936,1,0.0363,0.164,3.33e-05,0.0992,0.349,115.412,222533,4
7inXu0Eaeg02VsM8kHNvzM,0.603,0.321,2,-11.489,1,0.0599,0.881,0.0,0.34,0.844,143.104,155600,4
0jAfdqv18goRTUxm3ilRjb,0.736,0.622,6,-4.653,0,0.133,0.0235,0.0,0.151,0.506,191.971,192779,4
1rqqCSm0Qe4I9rUvWncaom,0.579,0.904,5,-2.729,1,0.0618,0.193,0.0,0.064,0.681,82.014,190947,4
7FGq80cy8juXBCD2nrqdWU,0.632,0.686,6,-7.665,0,0.243,0.549,0.0,0.2,0.329,89.949,170770,4
7AYuSG1LoaaFVKjOxsB6Vh,0.782,0.599,10,-6.817,0,0.209,0.0372,0.0,0.175,0.586,157.999,150323,4
7wFybC8jBH3zE139OpCtpG,0.663,0.675,2,-12.159,1,0.0359,0.0863,0.00133,0.117,0.176,101.004,202093,4
14msK75pk3pA33pzPVNtBF,0.725,0.321,1,-10.744,0,0.323,0.578,0.0,0.0884,0.319,70.142,178640,4
25F6MWrnFBCXVnpN4n76EK,0.71,0.888,2,-6.457,1,0.235,0.0591,0.0,0.134,0.816,170.193,225987,4
3WRIaWsws011vHMd9uzPjG,0.734,0.683,1,-6.105,1,0.0776,0.013,0.0,0.28,0.445,162.038,228367,4
7wcyO1rrH3Ru4t659IjG41,0.781,0.597,10,-6.794,0,0.23,0.0415,0.0,0.152,0.544,158.043,149949,4
3jq1RpStaB1YGyN3rRZGca,0.68,0.313,3,-13.672,0,0.0347,0.582,0.0,0.19,0.405,135.034,144724,4
7e4KQkp5ZR1gXCAalRjX6B,0.61,0.725,8,-5.131,1,0.15,0.367,0.0,0.154,0.291,146.163,201788,4
1cTZMwcBJT0Ka3UJPXOeeN,0.567,0.913,8,-6.471,1,0.0736,0.0934,0.000124,0.114,0.792,93.35,210926,4
2XW4DbS6NddZxRPm5rMCeY,0.758,0.448,7,-9.441,1,0.103,0.0309,8.67e-05,0.558,0.373,77.176,198960,4
65NwOZqoXny4JxqAPlfxRF,0.74,0.558,8,-8.115,1,0.102,0.566,0.0,0.112,0.421,140.057,220880,4
4qKcDkK6siZ7Jp1Jb4m0aL,0.922,0.581,10,-7.495,1,0.27,0.00104,5.86e-05,0.105,0.595,140.022,181263,4
1gm616Plq4ScqNi7TVkZ5N,0.489,0.598,1,-4.929,1,0.036,0.218,0.0,0.35,0.172,134.045,228373,3
6mAz8D1TmlTuef90dbNIiZ,0.876,0.519,11,-6.531,1,0.143,0.202,0.0,0.108,0.158,94.981,175230,4
10Igtw8bSDyyFs7KIsKngZ,0.755,0.599,8,-5.042,1,0.224,0.147,0.0,0.109,0.755,133.123,216632,4
2Yl4OmDby9iitgNWZPwxkd,0.82,0.568,6,-8.23,0,0.411,0.0256,0.0,0.0952,0.535,152.279,210787,4
6n4U3TlzUGhdSFbUUhTvLP,0.907,0.633,2,-5.145,1,0.184,0.0876,2.6e-06,0.106,0.395,145.914,276147,4
1f5PNhkNgUpvDEeZfcIlO1,0.886,0.473,7,-7.338,0,0.255,0.27,2.58e-05,0.0864,0.438,135.065,200205,4
45Egmo7icyopuzJN0oMEdk,0.708,0.648,6,-5.626,1,0.0449,0.0956,0.0,0.134,0.338,143.955,201707,4
5PTG6rrL6EPFD9E2QMI2pl,0.733,0.678,6,-7.771,1,0.438,0.121,0.0,0.344,0.841,175.985,142000,4
72TyiiduRmczEbDIEtKQdR,0.562,0.674,10,-6.049,0,0.0851,0.622,2.04e-05,0.111,0.293,122.699,220293,4
7sO5G9EABYOXQKNPNiE9NR,0.88,0.428,9,-8.28,1,0.206,0.149,5.07e-05,0.114,0.333,100.007,172800,4
2qcG0nZ6S3zZV0UrkY5nFo,0.968,0.589,11,-7.808,1,0.255,0.0511,0.0,0.0731,0.268,129.993,262308,4
2lYjH3ZbCrW7CHmSRvVCN3,0.719,0.803,4,-3.834,1,0.0795,0.0148,4e-06,0.29,0.712,142.966,133995,4
2ARqIya5NAuvFVHSN3bL0m,0.748,0.652,7,-3.02,1,0.058,0.208,0.0,0.128,0.431,106.914,184732,4
2poOAWEj1CStqTVPgIHZ8s,0.508,0.665,8,-5.748,0,0.0694,0.629,0.00124,0.142,0.124,91.997,221107,4
3GCdLUSnKSMJhs4Tj6CV3s,0.698,0.633,8,-4.946,1,0.0597,0.0605,0.000194,0.0926,0.552,96.924,232187,4
2yUbCEiaolfSMluDo9RMmG,0.712,0.829,1,-4.707,0,0.141,0.0149,0.0,0.122,0.593,173.953,332301,4
00B7TZ0Xawar6NZ00JFomN,0.62,0.625,9,-7.438,1,0.553,0.287,0.0,0.314,0.665,167.911,284856,4
7p2ewixAShLpjDZrnzZK7c,0.806,0.57,1,-6.927,1,0.246,0.0977,0.0,0.105,0.454,93.015,231453,4
0dIoGTQXDh1wVnhIiSyYEa,0.908,0.524,1,-7.955,1,0.181,0.00111,0.000678,0.383,0.109,138.015,224285,4
17Yq72h0p15OhCbZ5lJ5gd,0.884,0.814,7,-5.333,1,0.303,0.154,1.67e-06,0.158,0.907,155.938,181624,4
2U7Hu2RaNQNRi7izoJyZaX,0.578,0.532,5,-6.636,0,0.066,0.117,8.97e-05,0.143,0.12,159.784,218320,4
2UVbBKQOdFAekPTRsnkzcf,0.817,0.816,2,-5.402,1,0.269,0.00263,0.0,0.159,0.508,181.982,190288,4
5DfWF0jqMgZDCiu9zJENTA,0.767,0.543,1,-7.881,0,0.103,0.049,0.0,0.115,0.485,106.029,177140,4
7uzmGiiJyRfuViKKK3lVmR,0.71,0.789,4,-3.874,1,0.0722,0.0161,2.77e-06,0.451,0.717,142.929,131064,4
7ef4DlsgrMEH11cDZd32M6,0.791,0.862,9,-3.24,0,0.11,0.037,2.19e-05,0.0814,0.592,123.994,214847,4
2qsQ8eVDPmobZpvDxQCVQu,0.917,0.679,6,-6.083,1,0.266,0.0867,0.0,0.588,0.453,102.449,191700,4
08bNPGLD8AhKpnnERrAc6G,0.626,0.88,9,-2.384,0,0.0504,0.205,0.0,0.128,0.534,95.079,202621,4
75ZvA4QfFiZvzhj2xkaWAh,0.556,0.538,8,-5.408,0,0.0382,0.0689,0.0,0.196,0.291,143.95,223347,4
51rXHuKN8Loc4sUlKPODgH,0.645,0.705,1,-5.008,1,0.299,0.000813,0.0,0.128,0.376,137.133,229670,4
7iDa6hUg2VgEL1o1HjmfBn,0.643,0.783,10,-6.458,1,0.0856,0.047,0.0,0.083,0.579,154.084,163870,4
7yotKA30dwTKNEGomV9ZsI,0.831,0.782,0,-6.274,1,0.15,0.21,0.0,0.113,0.199,141.869,191437,4
2UciqgwVDwro0fev3MFbxJ,0.719,0.497,8,-7.661,1,0.681,0.115,0.0,0.0898,0.345,81.651,216727,4
6tZ3b7ik1QDXFAZlXib0YZ,0.829,0.527,6,-6.644,0,0.367,0.482,0.0,0.631,0.473,116.078,200310,4
1AT4xjNarTswd0UZ5FlmKF,0.869,0.385,4,-7.801,1,0.297,0.135,0.0,0.0931,0.596,149.897,133922,4
0bhnUFDQFCEHCBlsQfHnj5,0.825,0.487,1,-6.416,1,0.233,0.0299,0.0,0.0868,0.372,105.05,218954,3
7EulRO07ZgchxqKUHb8Pvc,0.678,0.648,2,-5.892,1,0.445,0.147,0.0,0.182,0.635,94.336,190177,4
5SxkdsY1ufZzoq9iXceLw9,0.703,0.696,0,-5.482,1,0.0529,0.0375,5.65e-06,0.274,0.366,121.969,205947,4
7wrDRQgHlvDnimrRHfQZxt,0.748,0.546,8,-8.134,1,0.106,0.59,0.0,0.112,0.413,140.005,220880,4
3rFF7kSm5qBOOPs6ljFgPp,0.74,0.543,1,-7.979,1,0.399,0.185,0.0,0.372,0.337,78.198,237295,4
5sWbwccBcyHsg5LEKWGZo9,0.675,0.567,10,-9.147,0,0.263,0.19,1.77e-06,0.175,0.658,84.039,315771,4
5Lgqu1th1KqlG97OF2gWGe,0.72,0.626,8,-9.351,1,0.397,0.0607,0.0,0.0728,0.182,75.032,286730,4
6onwlDmIVKE8bBgyBRSuS0,0.716,0.652,6,-7.909,0,0.398,0.102,0.0,0.11,0.494,109.295,257646,5
0Px86mRlxdB3YqpK6KXWlr,0.548,0.472,8,-8.343,1,0.477,0.626,0.0,0.119,0.138,82.36,197822,4
2AfWCBwGGCsZtvVnGF3QYE,0.512,0.28,8,-16.708,0,0.0441,0.811,7.48e-05,0.087,0.545,111.446,107162,3
6Hgh47WXVKtXN5zGOu0hjI,0.652,0.678,2,-6.183,1,0.0541,0.183,3.26e-05,0.106,0.28,72.989,263014,4
3swc6WTsr7rl9DqQKQA55C,0.75,0.56,8,-8.094,1,0.105,0.546,0.0,0.111,0.459,140.06,221440,4
3fpVWegR6YOS1Yk5HSMYIq,0.625,0.536,0,-5.428,1,0.0776,0.038,2.31e-05,0.167,0.253,159.914,221787,4
5VuxWXbt7XENQCtE9TzpTv,0.672,0.717,1,-2.714,1,0.034,0.341,2.4e-05,0.106,0.225,160.981,194560,4
2VdT56BGpdqNHUgOe1j5vc,0.599,0.571,2,-4.998,1,0.0665,0.198,0.0,0.0969,0.285,151.974,206453,4
4H7WNRErSbONkM06blBoGc,0.507,0.48,5,-5.418,1,0.0266,0.449,0.0,0.147,0.35,86.046,204427,4
09IOPhEh1OMe0HD9b36FJk,0.569,0.777,4,-4.041,0,0.0834,0.139,0.0,0.132,0.181,164.027,246987,4
6IaieqiCVvsNvEt6Y7yOFa,0.797,0.55,9,-4.166,1,0.24,0.513,0.0,0.0786,0.543,134.206,206267,4
5lZZmityu9TAjNvSY6GLhR,0.738,0.824,5,-5.165,0,0.0437,0.15,0.0,0.132,0.386,138.039,204360,4
0e7ipj03S05BNilyu5bRzt,0.585,0.52,5,-6.136,0,0.0712,0.124,7.01e-05,0.131,0.129,159.801,218147,4
5ffntNJnJOeFv7b7DCd0Bw,0.762,0.621,0,-6.24,1,0.0866,0.61,0.0,0.464,0.593,120.056,216747,4
688QpQAwqsLdBR6lr13wK1,0.731,0.774,10,-5.273,0,0.0555,0.434,3.34e-06,0.114,0.219,100.005,212467,4
1D2L6MefbXon28PzIk9I3r,0.798,0.733,7,-4.811,0,0.0476,0.265,1.25e-06,0.114,0.861,146.046,211427,4
4qWCFTuNnmGNdY4egtb4ZY,0.652,0.643,9,-5.667,0,0.0353,0.318,2.87e-06,0.208,0.109,104.932,228227,4
32lItqlMi4LBhb4k0BaSaC,0.664,0.667,4,-5.941,1,0.154,0.64,1.22e-06,0.0753,0.381,180.064,227533,4
1ZemPoaj7LBj1RAQrb89EC,0.652,0.591,11,-7.274,0,0.0418,0.145,5.65e-06,0.164,0.274,121.873,261800,4
0MrRAUcB8AZiB9ue2VOBYe,0.606,0.775,5,-4.269,0,0.0671,0.262,0.0,0.1,0.307,164.02,228147,4
0R6Jlsq25eZB3Wftpxi3oF,0.38,0.454,0,-10.271,0,0.0362,0.755,0.623,0.263,0.288,77.592,112013,4
0b9oOr2ZgvyQu88wzixux9,0.854,0.463,5,-6.159,1,0.137,0.117,0.0,0.354,0.549,120.024,225773,4
3DoBTwfr8yi2LN08SBpFkN,0.706,0.559,4,-5.216,0,0.0416,0.0372,0.0,0.379,0.252,78.534,217405,4
1BuZAIO8WZpavWVbbq3Lci,0.713,0.831,1,-4.75,0,0.15,0.0168,0.0,0.118,0.584,173.948,332301,4
2BJSMvOGABRxokHKB0OI8i,0.674,0.649,1,-8.433,0,0.199,0.191,0.0,0.122,0.48,153.069,153800,4
0X8DcetL926BYiPJYstJTc,0.511,0.566,6,-7.23,0,0.2,0.349,0.0,0.34,0.218,83.903,239836,4
3aW0ds4A4tSQDIp75FqWTo,0.557,0.719,2,-4.515,0,0.0372,0.00267,0.0,0.306,0.344,77.501,242334,4
4F1yvJfQ7gJkrcgFJQDjOr,0.689,0.584,1,-5.768,0,0.119,0.339,0.0,0.297,0.676,156.572,191680,4
54oMZ3blwWwuPN4wEoG5mk,0.899,0.592,11,-7.901,0,0.333,0.263,0.0,0.0831,0.504,149.953,214139,4
7ycWLEP1GsNjVvcjawXz3z,0.85,0.569,5,-8.152,0,0.136,0.0609,0.0816,0.1,0.294,80.02,205040,4
3H2JThgdBxezwj1wwafQS8,0.671,0.529,0,-7.226,1,0.307,0.0769,0.000335,0.0856,0.203,161.989,165820,4
514rhnksEwHUh6LxXsQ4Y9,0.6,0.683,6,-6.271,1,0.0493,0.0984,1.26e-06,0.11,0.494,102.036,210240,4
3qnoOm4fwZPBS116f5hpgF,0.925,0.308,11,-6.562,0,0.338,0.125,0.0,0.0933,0.265,122.099,145507,4
6Bg7MznA9X0dIhlAsLyBYj,0.572,0.543,7,-4.251,0,0.0287,0.0954,0.0,0.329,0.329,83.364,271387,4
2r4JRwcbIeuAzWjH4YXlLs,0.676,0.777,1,-3.241,0,0.357,0.145,0.0,0.228,0.226,173.931,188773,4
3dG6tjetoR4GMmUGZUprLt,0.555,0.433,3,-8.559,1,0.546,0.494,0.0,0.313,0.352,164.236,205547,4
6EuE9M1viu9gkdFSafia9o,0.742,0.407,2,-6.938,1,0.426,0.822,0.0,0.0541,0.39,116.064,274187,4
2VYb3Fb5iK5Y8HGZ8oEEkp,0.665,0.417,1,-6.731,0,0.524,0.374,0.0,0.186,0.04,110.111,215320,4
1DdgqEZk4Hqfpl3drdXJun,0.64,0.643,10,-2.442,0,0.0625,0.039,0.0,0.109,0.335,80.025,123040,4
6FRLCMO5TUHTexlWo8ym1W,0.851,0.541,0,-6.825,1,0.0505,0.568,0.0,0.13,0.448,124.959,235545,4
0u2P5u6lvoDfwTYjAADbn4,0.351,0.296,4,-10.109,0,0.0333,0.934,0.0,0.095,0.12,115.284,200186,4
4RVbK6cV0VqWdpCDcx3hiT,0.585,0.597,0,-7.499,1,0.037,0.339,0.0404,0.195,0.227,100.051,324674,4
6T8cJz5lAqGer9GUHGyelE,0.755,0.448,7,-9.587,1,0.107,0.0283,3.28e-05,0.514,0.318,77.179,198960,4
3aUFrxO1B8EW63QchEl3wX,0.58,0.469,0,-5.946,0,0.104,0.126,7.32e-05,0.099,0.369,110.573,165053,4
6JyEh4kl9DLwmSAoNDRn5b,0.765,0.542,1,-6.755,1,0.39,0.278,1.87e-05,0.609,0.734,171.945,153351,4
7oHkit3F3vimtsBbnZkU0G,0.709,0.751,6,-3.801,1,0.16,0.472,4.71e-06,0.182,0.37,104.999,140527,4
7GRTrWsP3yo2Fx8umJfA1X,0.334,0.81,9,-4.855,0,0.0632,0.00457,0.0,0.158,0.306,151.643,206605,4
4kUZvXB3LC3an3HX6h0s17,0.729,0.504,8,-6.784,0,0.0321,0.401,1.44e-06,0.121,0.305,110.011,197001,4
2I3dW2dCBZAJGj5X21E53k,0.841,0.682,2,-7.007,1,0.0458,0.113,9.65e-05,0.131,0.338,94.985,245098,4
7AFASza1mXqntmGtbxXprO,0.669,0.308,11,-10.068,1,0.029,0.883,0.0,0.0984,0.52,64.934,121887,4
2iUXsYOEPhVqEBwsqP70rE,0.596,0.854,7,-5.114,0,0.463,0.0169,0.0,0.124,0.152,120.274,203418,4
3GVkPk8mqxz0itaAriG1L7,0.734,0.57,7,-7.066,0,0.133,0.847,2.14e-05,0.112,0.689,129.953,95467,4
4UKCKdYiLN6IMA5ZESUTL7,0.699,0.304,1,-11.192,1,0.0993,0.779,0.000993,0.137,0.271,119.705,160184,4
1ZEm9cJC05rawV2tptNfTS,0.589,0.714,7,-6.308,1,0.258,0.0551,0.00013,0.131,0.42,118.611,189360,5
5S1IUPueD0xE0vj4zU3nSf,0.888,0.515,1,-6.246,1,0.271,0.247,0.0,0.446,0.264,141.009,225893,4
3nc420PXjTdBV5TN0gCFkS,0.506,0.693,0,-7.265,0,0.0412,0.584,9.58e-05,0.0891,0.221,139.912,216420,4
4kWO6O1BUXcZmaxitpVUwp,0.747,0.834,3,-2.867,0,0.045,0.374,0.0,0.0586,0.687,128.005,215760,4
2ZRo7axmMPeSVUvDbGkJah,0.592,0.457,9,-6.081,0,0.0603,0.661,0.000331,0.146,0.225,146.04,110886,4
2Vx8E3K5icPZR7OCklWBXX,0.909,0.405,6,-8.133,0,0.14,0.0306,0.00698,0.105,0.455,154.984,238613,4
36ONiya0OANYknz0GgJmwB,0.825,0.317,10,-12.39,1,0.0583,0.497,0.0128,0.11,0.136,103.001,245787,4
1v1IXPXl73Z7zy6f5tUa9n,0.413,0.676,1,-5.124,1,0.213,0.0239,0.0,0.0811,0.0827,173.478,302173,4
1iSZPndzmY6NvL1jAtIvY1,0.899,0.587,11,-7.866,0,0.338,0.279,0.0,0.0835,0.49,149.993,214467,4
0bAkKNCQfWkexHFn7fIKns,0.735,0.482,8,-9.445,1,0.139,0.00623,0.0144,0.448,0.315,181.995,217933,4
7txPE73wHbuXYkM1h8zNrG,0.755,0.575,4,-8.392,0,0.0673,0.0443,0.00127,0.276,0.493,85.994,205147,4
4uloft7ZE54WflsuqFmjC7,0.755,0.47,1,-8.72,1,0.139,0.0153,0.0,0.118,0.0604,76.056,184960,4
71SEHJPt1iDwGkBhUOAXDP,0.685,0.593,9,-9.083,0,0.284,0.134,0.0,0.123,0.144,84.763,136187,4
2VWbHHhWnMzKWPUs4IEEW9,0.754,0.449,7,-9.212,1,0.108,0.0329,7.84e-05,0.55,0.35,77.167,198973,4
5fcM0StdQxMjzulVGhFkHN,0.534,0.684,11,-7.874,0,0.717,0.164,0.0,0.499,0.338,170.416,195720,4
7cfvP13Bqb1EyCZQiYsLum,0.878,0.432,10,-9.852,0,0.143,0.041,0.0,0.0571,0.441,86.956,163973,4
3Yw09dj3cTXsAzlLjgBfIP,0.759,0.479,11,-10.65,1,0.186,0.0039,5.3e-06,0.302,0.347,140.089,195813,4
0HVv5bEOiI9a0QfgcASXpX,0.7,0.909,8,-6.461,1,0.0628,0.0884,0.000114,0.0778,0.757,93.469,210747,4
1sPLURKAosM3Jampgp9AWq,0.487,0.85,1,-5.427,1,0.25,0.047,0.0,0.142,0.523,152.102,216333,4
0w1ZtnzQmtmuuoKxHT0pLL,0.776,0.482,1,-11.268,1,0.0356,0.481,0.0457,0.11,0.128,136.015,247893,4
1Jrj3k5L36dPkU6KAclU7g,0.888,0.377,7,-10.142,0,0.339,0.0126,0.0,0.19,0.126,133.996,162800,4
3jipFRgLyKK0oJoG1pKicx,0.766,0.272,0,-5.696,1,0.041,0.0366,0.0,0.175,0.037,116.036,262453,4
2QoOyCFpDo4NblMLP7vBRT,0.636,0.538,1,-7.725,1,0.312,0.738,0.0,0.149,0.514,83.508,226920,4
2RAeY8dPj6KmStROfEigjV,0.689,0.217,9,-13.539,0,0.0387,0.847,0.000123,0.106,0.272,92.007,206027,4
590bUp2TKTfTS9NfiD4Nmn,0.807,0.321,0,-8.147,0,0.0571,0.132,0.000289,0.1,0.305,94.994,182080,4
0SVsEdvot6vU4byv5yW0oj,0.81,0.451,10,-6.348,0,0.249,0.152,0.0537,0.108,0.359,85.417,157600,4
4IvenHmD0spfFDOKphoUDp,0.65,0.429,2,-13.071,1,0.192,0.0386,0.0,0.139,0.333,141.855,289560,4
16x6tqeSkIjoLEf7SJLlYy,0.648,0.535,2,-13.295,1,0.1,0.458,0.00246,0.106,0.444,168.03,207307,4
0At2qAoaVjIwWNAqrscXli,0.561,0.779,10,-5.107,0,0.0531,0.0862,0.0,0.078,0.235,81.965,256064,4
0E6PsO3ymCfUh7pJQjBgkj,0.705,0.784,2,-6.477,1,0.271,0.0133,0.0,0.168,0.377,160.035,264853,4
7gkWXbAxIYuvtOpcN3p9GJ,0.604,0.673,1,-5.979,1,0.0545,0.0268,3.32e-05,0.187,0.287,144.971,197573,4
4j3GWI86JvSaF0BLdmgcfF,0.76,0.579,0,-7.374,1,0.0569,0.0129,0.00351,0.106,0.125,100.01,213600,4
0XySogm94T51XF5F2jumXm,0.671,0.529,0,-7.226,1,0.307,0.0769,0.000335,0.0856,0.203,161.989,165820,4
3CA9pLiwRIGtUBiMjbZmRw,0.586,0.909,8,-6.474,1,0.0705,0.0891,0.000109,0.119,0.757,93.394,210747,4
6G8kHiVZ1jW7vHMPVRNZU0,0.826,0.318,10,-12.391,1,0.0574,0.493,0.0131,0.11,0.138,103.002,245787,4
6DCZcSspjsKoFjzjrWoCdn,0.754,0.449,7,-9.211,1,0.109,0.0332,8.29e-05,0.552,0.357,77.169,198973,4
3qN5qMTKyEEmiTZD38BNTT,0.899,0.586,11,-7.866,0,0.344,0.279,0.0,0.0836,0.492,150.001,214467,4
3EApebexZ7YqDIqw2EMTDh,0.514,0.693,9,-5.868,1,0.408,0.177,0.0,0.351,0.287,110.568,240640,3
7rC5Pl8rQSX4myONQHYPBK,0.755,0.575,4,-8.393,0,0.0678,0.0456,0.00124,0.276,0.49,85.987,205147,4
43V1z6QToNNWNldV4FEG6r,0.752,0.764,1,-4.399,1,0.038,0.0476,9.44e-05,0.0543,0.582,121.958,163216,4
3obgSF06ki98lYNLNq5vCB,0.742,0.579,0,-5.024,1,0.202,0.0381,0.0,0.0952,0.502,144.994,258475,4
7KZ5MMVgBVox9ycroB2UrI,0.428,0.403,5,-5.914,0,0.209,0.229,0.0,0.22,0.133,95.387,180183,5
7lAK3oHbfEnvUQWosrMMpR,0.785,0.554,0,-6.571,1,0.0409,0.283,3.4e-06,0.116,0.144,128.047,150043,4
4SZepBIPDRwPaHIjAKwRDb,0.607,0.609,0,-5.978,0,0.291,0.389,1.6e-05,0.111,0.556,74.946,185610,4
20MuVazoNMv6xjKPnRFOxG,0.741,0.645,11,-5.116,0,0.0963,0.192,0.0,0.163,0.488,149.07,231964,4
6OaVWaGfhXn70ZJfdVcabn,0.731,0.811,1,-3.225,1,0.0712,0.0204,0.0,0.411,0.426,147.045,218284,4
1xYpVRspgaLxdJLOTQkTjg,0.588,0.567,4,-3.738,0,0.0628,0.221,0.0,0.135,0.113,150.009,338438,4
11kDth1aKUEUMq9r1pqyds,0.712,0.481,4,-5.415,0,0.0487,0.173,0.0,0.241,0.062,140.0,196138,4
27a1mYSG5tYg7dmEjWBcmL,0.702,0.708,10,-5.366,0,0.0547,0.201,0.0,0.118,0.713,147.98,198408,4
6BJbOXDlgVAXSaq6wYFYT2,0.804,0.763,2,-5.48,1,0.0519,0.0678,0.0,0.368,0.0585,136.052,156886,4
6NMtzpDQBTOfJwMzgMX0zl,0.46,0.686,0,-5.948,0,0.0367,0.00146,0.0,0.375,0.252,148.054,145588,4
4KYS9GK68yeuUJ8vJfPxrq,0.834,0.731,10,-5.603,0,0.0566,0.0462,0.0,0.0731,0.681,140.001,176720,4
4MXhiYIRDMGAuvZc5IFTwC,0.7,0.46,4,-8.111,0,0.0661,0.142,4.81e-05,0.111,0.286,151.901,142969,4
6xcJyGpfZbuuiequtnlKt4,0.764,0.628,11,-5.851,1,0.0503,0.053,0.0,0.114,0.196,140.963,190557,4
58TaFP5j5i9swOf584yon2,0.689,0.723,0,-4.052,0,0.0836,0.0985,0.0,0.158,0.288,160.042,217828,4
4mHgYpuGHu99Mw69E83CP2,0.767,0.538,0,-6.044,0,0.052,0.68,0.0,0.192,0.343,81.031,121680,4
6Poyf51k7W3NKnsGwAI90B,0.855,0.787,8,-4.134,0,0.334,0.313,0.0,0.194,0.702,88.003,279867,4
7K7MUBCnzgBAvMVW2RTWNs,0.752,0.764,1,-4.399,1,0.038,0.0476,9.44e-05,0.0543,0.582,121.958,163216,4
4VUwkH455At9kENOfzTqmF,0.638,0.717,2,-4.722,1,0.0337,0.346,0.0,0.105,0.249,100.027,180000,4
0WdR2AyLW1Drd3OUdwezM0,0.71,0.614,10,-6.757,0,0.0431,0.186,0.0,0.0974,0.658,148.152,172107,4
2qT1uLXPVPzGgFOx4jtEuo,0.699,0.713,9,-5.507,0,0.0594,0.04,3.11e-06,0.294,0.354,121.993,205920,4
70khXICDeTTxgYtw3EysKH,0.721,0.459,4,-6.408,1,0.032,0.248,0.0,0.212,0.46,119.914,208493,4
1xWH8zYtDeS9mW1JJG23VZ,0.831,0.485,10,-6.677,0,0.15,0.375,1.47e-05,0.118,0.622,80.022,245667,4
7wGoVu4Dady5GV0Sv4UIsx,0.577,0.522,5,-6.594,0,0.0984,0.13,9.03e-05,0.142,0.119,159.772,218320,4
43ZyHQITOjhciSUUNPVRHc,0.936,0.523,5,-6.71,1,0.0597,0.239,0.0,0.117,0.699,119.889,124056,4
1mXVgsBdtIVeCLJnSnmtdV,0.681,0.372,5,-8.237,1,0.0432,0.64,0.0,0.169,0.476,91.873,201000,4
0ofbQMrRDsUaVKq2mGLEAb,0.768,0.517,7,-4.323,0,0.0312,0.186,3.8e-05,0.104,0.418,104.992,216897,4
2fQrGHiQOvpL9UgPvtYy6G,0.884,0.346,8,-8.228,0,0.351,0.0151,7.04e-06,0.0871,0.376,75.016,220307,4
5u6vkDnOyaf8LsteDAj2ub,0.782,0.436,2,-7.033,1,0.155,0.331,1.3e-05,0.342,0.243,82.994,268933,4
3hBBKuWJfxlIlnd9QFoC8k,0.795,0.615,5,-5.211,0,0.0671,0.0786,2.98e-06,0.0855,0.393,110.009,199849,4
1YZfcVLbbJwfizR5cDOp3q,0.901,0.529,2,-4.443,1,0.191,0.0519,0.0,0.179,0.146,138.003,307660,4
5Z3GHaZ6ec9bsiI5BenrbY,0.798,0.539,1,-6.351,1,0.0421,0.199,1.66e-05,0.165,0.394,136.949,202547,4
2Xqd0wUttjueBfdcltADOv,0.838,0.771,1,-3.791,1,0.244,0.0117,0.0,0.0853,0.405,175.957,245387,4
7EmGUiUaOSGDnUUQUDrOXC,0.715,0.802,11,-4.647,0,0.0394,0.139,0.0,0.177,0.327,124.989,197993,4
2771LMNxwf62FTAdpJMQfM,0.929,0.723,11,-5.792,0,0.109,0.0672,0.0,0.346,0.458,125.022,223962,4
7GX5flRQZVHRAGd6B4TmDO,0.732,0.75,11,-6.366,0,0.231,0.00264,0.0,0.109,0.401,155.096,182707,4
1XRgIKC5TPwo7nWGyKqgG0,0.89,0.633,11,-5.475,1,0.168,0.0232,0.000343,0.0993,0.425,139.948,233087,4
4dVpf9jZjcORqGTLUaeYj9,0.797,0.844,11,-5.482,1,0.275,0.0651,0.0,0.087,0.52,170.142,173600,4
6mrKP2jyIQmM0rw6fQryjr,0.659,0.716,5,-5.673,0,0.111,0.33,0.0,0.173,0.437,148.015,212120,4
2ekn2ttSfGqwhhate0LSR0,0.762,0.7,9,-6.021,0,0.0694,0.00261,1.56e-05,0.153,0.608,116.073,209320,4
3m660poUr1chesgkkjQM7P,0.704,0.633,11,-6.923,0,0.241,0.0214,0.0,0.29,0.863,144.021,203760,4
7vGuf3Y35N4wmASOKLUVVU,0.52,0.761,4,-3.093,1,0.0853,0.256,4.96e-06,0.17,0.286,141.971,180823,4
42CeaId2XNlxugDvyqHfDf,0.765,0.688,4,-5.566,1,0.0841,0.633,0.0,0.0734,0.434,90.013,229573,4
0tDfp0vFR95Gg6Mrhza3lX,0.599,0.508,9,-9.894,1,0.105,0.193,0.000177,0.329,0.269,163.957,203507,4
2eAZfqOm4EnOF9VvN50Tyc,0.703,0.757,1,-3.612,1,0.05,0.617,0.0,0.106,0.696,82.008,221747,4
7y9iMe8SOB6z3NoHE2OfXl,0.675,0.751,0,-3.539,1,0.0296,0.0604,0.0,0.0893,0.612,118.384,181279,4
6QgjcU0zLnzq5OrUoSZ3OK,0.801,0.795,1,-5.115,0,0.0504,0.0417,0.000113,0.0717,0.754,79.028,163253,4
5b2QnYcT9rQIkhRWt4HztQ,0.49,0.598,9,-4.814,0,0.186,0.801,0.0,0.576,0.61,84.004,303781,4
5AEtlRudpgdT5FtNiuly6Y,0.659,0.717,8,-4.202,1,0.0581,0.0393,0.0,0.0769,0.71,103.036,174800,4
3B54sVLJ402zGa6Xm4YGNe,0.726,0.769,6,-5.043,1,0.123,0.0293,0.0101,0.104,0.733,97.985,233902,4
3ncgNpxLoBQ65ABk4djDyd,0.921,0.467,1,-8.443,1,0.119,0.0149,0.000238,0.334,0.287,135.995,191252,4
6NWl2m8asvH83xjuXVNsuG,0.823,0.419,10,-10.358,0,0.165,0.416,0.0,0.105,0.277,119.958,187453,4
1bhUWB0zJMIKr9yVPrkEuI,0.587,0.299,8,-7.365,1,0.0263,0.779,0.0,0.123,0.356,94.992,259550,3
3YU6vJbjYUG0tiJyXf9x5V,0.589,0.731,2,-6.343,1,0.0868,0.0534,0.0,0.308,0.191,87.908,268867,4
3wAI7MIQtTgwcRmwchPZBc,0.656,0.564,1,-8.925,0,0.0883,0.0167,1.39e-06,0.165,0.25,150.014,268947,4
3T7dNA7O8c3Axj5WyDNcH3,0.703,0.407,8,-12.155,1,0.0504,0.706,0.0,0.45,0.849,140.057,125827,4
5UEnHoDYpsxlfzWLZIc7LD,0.757,0.748,8,-5.794,0,0.473,0.17,0.0,0.0759,0.693,90.052,221013,4
2DQ1ITjI0YoLFzuADN1ZBW,0.838,0.771,1,-3.791,1,0.244,0.0117,0.0,0.0853,0.405,175.957,245387,4
5k38wzpLb15YgncyWdTZE4,0.589,0.731,2,-6.343,1,0.0868,0.0534,0.0,0.308,0.191,87.908,268867,4
4DTpngLjoHj5gFxEZFeD3J,0.736,0.604,1,-7.357,0,0.222,0.0652,6.43e-05,0.124,0.574,155.007,264532,4
790MhTXPFrYkrqCKvpg4t1,0.795,0.728,9,-4.712,0,0.0544,0.207,0.0,0.237,0.582,146.979,228080,4
5WoaF1B5XIEnWfmb5NZikf,0.674,0.506,6,-10.532,1,0.0434,0.173,0.0,0.0866,0.183,145.965,259333,4
75FDPwaULRdYDn4StFN2rT,0.909,0.546,8,-7.513,1,0.175,0.000704,0.000823,0.36,0.0986,138.043,224613,4
7J6bnDDitOwfelaJNixHhL,0.765,0.733,4,-3.518,0,0.165,0.00186,0.0,0.297,0.495,133.966,148560,4
1cImYkHOQMFE7AZC9aOk4y,0.741,0.34,2,-13.421,1,0.0446,0.614,0.0,0.0955,0.838,119.606,129893,4
6urLjX35oXXRYtcH1b3dCh,0.774,0.529,5,-4.479,0,0.0531,0.0678,0.0,0.0814,0.225,138.071,228431,4
628Ueb4sRiXApObhcU9iPU,0.668,0.844,1,-4.151,1,0.0956,0.00389,0.00879,0.119,0.33,159.108,172017,4
3Vo4wInECJQuz9BIBMOu8i,0.704,0.859,5,-4.877,0,0.0996,0.0185,0.0,0.0215,0.926,105.115,217289,4
66kQ7wr4d2LwwSjr7HXcyr,0.705,0.628,5,-5.362,0,0.0489,0.0287,0.0193,0.0863,0.465,96.799,235540,4
1L3NV7VrCiuE8C5QlhdeQL,0.745,0.579,1,-5.771,1,0.138,0.0354,0.0118,0.246,0.645,97.002,293947,4
1rfofaqEpACxVEHIZBJe6W,0.765,0.523,2,-4.333,1,0.03,0.184,3.56e-05,0.132,0.394,104.988,217307,4
4eWQlBRaTjPPUlzacqEeoQ,0.637,0.713,0,-4.333,1,0.0747,0.181,0.000637,0.137,0.243,129.923,226973,4
12SJpYZEdj4kzWZ8FPFg4Y,0.715,0.62,5,-5.428,0,0.0507,0.0322,0.0142,0.0881,0.456,96.812,235540,4
2Tq2R8sRftNEqdgJK5HadO,0.699,0.479,1,-7.83,1,0.0919,0.00433,9.58e-05,0.0435,0.462,102.959,204727,4
4fndbjoz1qJyK6JcLdKfzm,0.813,0.808,2,-5.541,1,0.286,0.00693,0.0,0.133,0.547,181.993,192132,4
2x0WlnmfG39ZuDmstl9xfX,0.649,0.589,2,-6.237,1,0.0558,0.00845,0.0,0.108,0.151,159.073,244827,4
630sXRhIcfwr2e4RdNtjKN,0.684,0.619,10,-7.005,1,0.0386,0.0716,0.0,0.122,0.284,125.046,217440,4
5goGDc74vVREyN8al8CkPh,0.655,0.839,9,-5.076,0,0.443,0.00534,0.0,0.308,0.55,74.867,255840,4
7jqDzXJS0K0Re8uphYNit0,0.548,0.58,11,-7.524,0,0.121,0.104,0.0,0.127,0.462,180.066,193893,4
0wbnC9AUenxp613TYaJsGK,0.936,0.585,0,-6.914,1,0.125,0.0142,0.0,0.132,0.242,124.991,255379,4
4wFjTWCunQFKtukqrNijEt,0.904,0.518,2,-5.32,1,0.183,0.0305,0.0,0.325,0.188,137.996,303077,4
09IStsImFySgyp0pIQdqAc,0.753,0.657,7,-3.061,1,0.0449,0.171,0.0,0.112,0.437,107.01,184732,4
6tHWl8ows5JOZq9Yfaqn3M,0.716,0.805,4,-3.839,1,0.0856,0.014,3.1e-06,0.291,0.719,142.886,133995,4
4BHzHISX21PYwGXiBEUQ70,0.808,0.771,4,-5.719,0,0.0645,0.0413,1.29e-06,0.18,0.471,161.94,251859,4
3OnOomd79OjqSYHchCQ6ht,0.793,0.344,6,-9.757,1,0.357,0.112,1.68e-06,0.15,0.45,166.105,233880,4
09ts3GnICqYEU5PkQCpJK3,0.707,0.632,10,-7.031,1,0.0789,0.103,1.09e-05,0.0841,0.372,97.04,278893,4
4ofvoCdXq99vpMZO4Cfp8x,0.728,0.668,2,-5.02,1,0.126,0.0805,1.49e-05,0.102,0.162,100.537,211440,4
1OmcAT5Y8eg5bUPv9qJT4R,0.58,0.531,5,-6.631,0,0.0776,0.128,0.000127,0.143,0.141,159.786,218320,4
1LhMopPAallLeaeNutqbgS,0.707,0.632,10,-7.031,1,0.0789,0.103,1.09e-05,0.0841,0.372,97.04,278893,4
76cy1WJvNGJTj78UqeA5zr,0.836,0.544,7,-5.975,1,0.0943,0.0403,0.0,0.0824,0.51,97.028,217947,4
2Imq77E6CEJR5TPUxlJvTY,0.532,0.642,5,-4.891,0,0.111,0.0548,0.000246,0.0991,0.536,193.016,232187,4
4LmAnpjlhWTahvRkYR8xJa,0.768,0.471,2,-8.406,1,0.259,0.0201,0.0,0.268,0.405,131.023,267427,4
5jyyPsIGM2yqkZN9R3TmvN,0.727,0.72,11,-5.856,0,0.0488,0.0626,1.21e-06,0.176,0.589,140.08,238893,4
2tPcTFiQF9MbVUyjZ3zDhA,0.856,0.652,1,-5.324,1,0.143,0.177,0.0,0.193,0.471,97.017,219307,4
5cXg9IQS34FzLVdHhp7hu7,0.855,0.478,1,-9.116,1,0.193,0.00759,0.0,0.101,0.284,130.018,221827,4
5qN4HFkapdAOV94XPryVof,0.618,0.582,1,-9.454,1,0.297,0.625,3.84e-06,0.265,0.48,90.035,130613,4
6iyp6udVpLuq3MCUulZT4h,0.818,0.572,1,-7.085,1,0.228,0.0717,0.0,0.101,0.236,139.968,188613,4
2u7mxWSeoqTXndK5e08jMp,0.745,0.646,6,-6.987,0,0.17,0.157,0.0,0.338,0.46,79.993,203908,4
35ieKju5aLWFN5UgfJ27mL,0.74,0.613,8,-4.88,1,0.145,0.258,0.00372,0.123,0.473,75.023,166568,4
6zOhgKfbMiQWToE6K13s2s,0.668,0.756,1,-3.904,1,0.0382,0.0346,0.0,0.0793,0.474,149.908,204827,4
4PANCoXZX3RaT2D6mqSdEU,0.694,0.319,11,-10.061,1,0.0303,0.883,0.0,0.095,0.493,129.797,121969,4
1W6wxOOYyJyyok8fqYSZ3m,0.573,0.591,11,-6.715,0,0.331,0.0107,0.0,0.455,0.232,86.721,230713,5
5lZsh9Qf7CbHI9Fcc7Zcsq,0.865,0.652,8,-8.218,1,0.105,0.037,0.0,0.0925,0.372,94.946,97202,4
4EAV2cKiqKP5UPZmY6dejk,0.667,0.741,1,-4.099,1,0.0378,0.0425,0.0,0.0761,0.422,149.908,204747,4
3e7Y6sfFlIdBMJhX7wpqVO,0.824,0.584,10,-7.098,0,0.221,0.0718,0.0,0.106,0.219,139.965,188600,4
7u90MSvVyEjL0c8icaE7jl,0.804,0.823,8,-5.837,1,0.0488,0.104,0.0,0.2,0.616,126.007,217147,4
3s3VVLE1kB7Xk2AoJKlGmr,0.861,0.745,1,-6.77,1,0.0608,0.00138,1.87e-05,0.141,0.889,150.002,217560,4
1GtVGc1UYin3zpMUdNSSpM,0.568,0.607,9,-7.438,0,0.108,0.0867,0.0,0.0972,0.269,95.056,241427,4
0jqBo5RYn008f4ZY8kPewW,0.742,0.72,0,-2.876,1,0.116,0.0402,0.000846,0.0839,0.97,77.011,260320,4
5KVciTEfXvpcFHR3RFbtJy,0.777,0.57,1,-6.833,1,0.0472,0.0869,0.0,0.121,0.321,139.993,219480,4
0gD6lWJhbXHWNVwQziSVvl,0.882,0.503,11,-6.618,1,0.179,0.224,0.0,0.108,0.176,95.011,175511,4
0D5CXSUx8GOCHSY8KWgi9h,0.619,0.798,11,-5.517,0,0.381,0.168,0.0,0.17,0.71,156.151,173693,4
6tarvNiKnEjYMj1VZhlDqR,0.667,0.723,5,-4.31,0,0.27,0.0455,0.000179,0.213,0.251,148.057,153475,4
4fZxGiES1FKbNqJPrI4L3s,0.747,0.532,10,-5.474,0,0.0394,0.0549,2.78e-06,0.121,0.347,77.032,221360,4
3W4JFzOQdo5J2Wgt9DFg24,0.827,0.643,10,-6.414,0,0.0899,0.257,0.0,0.094,0.433,95.965,240093,4
2ycWek3FNNVHBhz2TcnOzZ,0.72,0.601,11,-6.931,0,0.0376,0.051,0.0,0.0753,0.0527,146.002,144627,4
7CkbRn6S0itJqcqn88AtSV,0.873,0.663,1,-4.086,1,0.15,0.0216,0.000356,0.0867,0.525,135.499,115194,4
01TnVDiet1DFTsyWKUKovl,0.414,0.416,11,-8.024,0,0.0251,0.1,0.179,0.131,0.196,159.91,186268,4
14boA065HMHWvqyPPEeN4y,0.767,0.561,2,-7.418,0,0.0509,0.118,0.0,0.0737,0.542,90.021,192229,4
7J2gyNghNTzl4EsLhXp01Q,0.562,0.579,10,-6.788,0,0.484,0.274,0.0,0.102,0.577,84.143,176591,4
79jX8RM5CgPqDKdGEKNW9K,0.628,0.715,5,-7.097,1,0.0541,0.0524,0.0,0.119,0.429,139.991,211600,4
7wvYmO5QscgIDDT0eNwbYX,0.726,0.708,7,-6.908,0,0.356,0.303,0.0,0.348,0.417,105.084,200133,4
4lTiuD1DwBKo4L7wqMkD7C,0.733,0.678,6,-7.771,1,0.439,0.121,0.0,0.345,0.841,175.984,144149,4
739vCwA3EpBSkk3uDsI2wB,0.777,0.657,1,-6.434,1,0.237,0.000738,3.34e-06,0.0932,0.245,189.992,226107,4
72Q0FQQo32KJloivv5xge2,0.599,0.667,7,-4.267,1,0.0367,0.0533,0.0,0.134,0.817,80.984,288877,4
7i2DJ88J7jQ8K7zqFX2fW8,0.67,0.585,6,-4.861,0,0.0354,0.107,1.11e-06,0.131,0.447,110.03,214802,4
1e1JKLEDKP7hEQzJfNAgPl,0.791,0.581,11,-7.323,0,0.286,0.0113,0.0,0.35,0.438,162.99,181812,4
6gpcs5eMhJwax4mIfKDYQk,0.736,0.795,1,-3.299,0,0.0545,0.498,1.21e-06,0.254,0.511,104.066,230813,4
3LnOF5n1GOs01siYZXzS3p,0.839,0.81,5,-5.274,0,0.0568,0.501,0.0,0.117,0.814,129.014,209269,4
6EpRaXYhGOB3fj4V2uDkMJ,0.869,0.485,6,-5.595,1,0.0545,0.246,0.0,0.0765,0.527,106.028,204502,4
3A7qX2QjDlPnazUsRk5y0M,0.548,0.65,8,-5.827,0,0.0591,0.219,0.0,0.225,0.557,144.937,194897,4
3pC1ILr9KzmQLMe8Kn5QBG,0.461,0.812,10,-5.776,0,0.241,0.0184,0.000375,0.21,0.72,159.869,193902,4
1jYiIOC5d6soxkJP81fxq2,0.599,0.667,7,-4.267,1,0.0367,0.0533,0.0,0.134,0.817,80.984,288877,4
1OAh8uOEOvTDqkKFsKksCi,0.671,0.672,0,-3.094,0,0.0688,0.0329,0.0,0.118,0.632,97.98,204173,4
6BaCraQ9xeLYg4Sb9TBT2X,0.893,0.745,11,-3.105,0,0.0571,0.0642,0.0,0.0943,0.872,101.018,223413,4
1nX9KhK3Fff27SnrIor2Yb,0.796,0.5,1,-7.21,1,0.425,0.118,0.0,0.155,0.227,75.012,255560,4
6Na5uKk5SsqZimk0hAWo8y,0.794,0.735,0,-4.204,1,0.054,0.108,0.00578,0.112,0.223,107.374,234373,4
1yxgsra98r3qAtxqiGZPiX,0.763,0.598,11,-6.865,1,0.0539,0.0714,0.0,0.112,0.182,140.987,190678,4
5bcTCxgc7xVfSaMV3RuVke,0.893,0.745,11,-3.105,0,0.0571,0.0642,0.0,0.0943,0.872,101.018,223413,4
5eqK0tbzUPo2SoeZsov04s,0.884,0.346,8,-8.228,0,0.351,0.0151,7.04e-06,0.0871,0.376,75.016,220307,4
5EnYT6F7wEcdege6mDHEfO,0.801,0.727,0,-4.687,1,0.0606,0.0864,0.00406,0.112,0.218,107.371,234373,4
79NlESqzFSW0hdBWgls4FX,0.565,0.381,10,-7.204,1,0.0302,0.48,0.0,0.109,0.325,73.483,230269,4
4JAyIDXOqNM6qHuZML01uX,0.699,0.614,2,-4.57,1,0.0521,0.0152,5.22e-06,0.0734,0.275,122.99,186175,4
25C5CowdsfXld2jJanbiex,0.701,0.638,11,-6.889,0,0.238,0.0252,0.0,0.256,0.868,144.084,203760,4
3RXkboS74UYzN14xTqzPyY,0.543,0.661,8,-5.855,0,0.0538,0.214,0.0,0.241,0.556,144.967,194978,4
2rb5MvYT7ZIxbKW5hfcHx8,0.543,0.677,11,-4.915,0,0.0993,0.0148,6.21e-06,0.13,0.294,103.809,189440,4
3eFJqPe8VUYrABbFjSauuj,0.948,0.405,1,-6.516,1,0.0795,0.191,0.0,0.0804,0.728,121.021,214700,4
0XLOf9LhyazPX9Ld8jPiUq,0.708,0.61,2,-4.522,1,0.0574,0.0204,4.45e-06,0.0641,0.305,123.038,186113,4
167NczpNbRF7oWakJaY3Hh,0.728,0.426,0,-6.69,1,0.0509,0.0142,0.0,0.0546,0.844,85.908,188174,4
0q75NwOoFiARAVp4EXU4Bs,0.795,0.594,0,-6.2,1,0.0747,0.111,0.0,0.162,0.409,135.002,275080,4
3HVr6jTVwBHBa2flM0eURR,0.731,0.794,0,-5.126,0,0.0522,0.0323,2.59e-05,0.112,0.356,139.994,220454,4
0jdny0dhgjUwoIp5GkqEaA,0.576,0.39,10,-7.202,1,0.0297,0.491,0.0,0.111,0.319,73.433,230267,4
7F9vK8hNFMml4GtHsaXui6,0.683,0.53,5,-4.918,0,0.142,0.207,0.0,0.394,0.645,75.016,190428,4
7nZmah2llfvLDiUjm0kiyz,0.744,0.739,8,-5.35,1,0.0387,0.00459,0.0,0.306,0.649,104.99,189467,4
6uFsE1JgZ20EXyU0JQZbUR,0.773,0.68,9,-6.378,0,0.141,0.213,1.57e-05,0.122,0.497,128.062,211859,4
1uL78kFWxhz3umTMWJu8n5,0.813,0.528,6,-6.305,0,0.313,0.0715,0.0,0.125,0.131,79.532,207039,4
5TXDeTFVRVY7Cvt0Dw4vWW,0.746,0.251,11,-16.169,0,0.259,0.782,0.00203,0.106,0.18,139.999,120027,4
1QgTBfRN5m81a5K01qens6,0.791,0.513,10,-6.568,0,0.269,0.0235,2.83e-05,0.101,0.481,76.997,247347,4
7zgqtptZvhf8GEmdsM2vp2,0.615,0.779,2,-6.454,1,0.135,0.0665,0.0,0.155,0.453,160.0,208198,4
4mxWSdf71VFO52qFeY0fZt,0.795,0.608,5,-5.222,0,0.0694,0.0767,2.92e-06,0.0853,0.386,110.001,199849,4
1HTtUBEY3tuw2btgwwI2Ja,0.89,0.633,11,-5.475,1,0.168,0.0232,0.000343,0.0993,0.425,139.948,233087,4
0mel2N9Ws9r4yLQn5QE21Y,0.653,0.378,5,-8.273,1,0.0533,0.658,0.0,0.177,0.54,91.835,201000,4
19WjVVgXjdKXfLXoaDPwTM,0.616,0.77,2,-6.5,1,0.142,0.0573,0.0,0.159,0.412,160.049,208198,4
1j4kHkkpqZRBwE0A4CN4Yv,0.258,0.437,11,-6.593,0,0.039,0.101,1.27e-06,0.106,0.0967,180.043,239000,4
6c7D34787LOtPm8tzhsLgH,0.91,0.444,1,-8.126,0,0.344,0.022,0.0,0.137,0.53,149.953,276333,4
0CokSRCu5hZgPxcZBaEzVE,0.731,0.794,0,-5.126,0,0.0522,0.0323,2.59e-05,0.112,0.356,139.994,220454,4
40oKW22ZNNkEdZLJTScaQI,0.747,0.524,10,-6.807,0,0.245,0.0306,0.0,0.2,0.363,140.053,213132,4
7fwXWKdDNI5IutOMc5OKYw,0.705,0.714,11,-6.39,0,0.0792,0.0249,0.0,0.253,0.434,104.996,209733,4
1f5cbQtDrykjarZVrShaDI,0.839,0.81,5,-5.274,0,0.0568,0.501,0.0,0.117,0.814,129.014,209269,4
6foxplXS0YEq8cO374Lty4,0.95,0.533,5,-7.022,1,0.148,0.247,0.0,0.114,0.675,119.869,124056,4
5yuShbu70mtHXY0yLzCQLQ,0.665,0.498,5,-8.185,1,0.0831,0.228,0.0,0.0757,0.127,81.967,179613,4
5Gd19NupVe5X8bAqxf9Iaz,0.791,0.529,7,-6.87,1,0.175,0.0652,1.25e-05,0.218,0.428,91.981,209680,4
